"trip_id","start_time","end_time","start_station_id","end_station_id","trip_route_category","passholder_type"
"4148706","6/30/15 8:50","6/30/15 8:57","3025","3007","One Way","Indego30"
"4148707","6/30/15 8:50","6/30/15 8:54","3029","3029","Round Trip","Indego30"
"4148708","6/30/15 8:51","6/30/15 9:06","3046","3062","One Way","Indego30"
"4148709","6/30/15 8:51","6/30/15 9:00","3010","3061","One Way","Indego30"
"4148710","6/30/15 8:51","6/30/15 9:01","3010","3047","One Way","Indego30"
"4148711","6/30/15 8:51","6/30/15 9:00","3004","3054","One Way","Walk-up"
"4148712","6/30/15 8:51","6/30/15 9:00","3023","3052","One Way","Indego30"
"4148713","6/30/15 8:51","6/30/15 9:00","3025","3010","One Way","Indego30"
"4148714","6/30/15 8:52","6/30/15 9:00","3025","3018","One Way","Indego30"
"4148715","6/30/15 8:52","6/30/15 9:15","3074","3021","One Way","Indego30"
"4148716","6/30/15 8:52","6/30/15 9:02","3022","3006","One Way","Indego30"
"4148717","6/30/15 8:53","6/30/15 8:58","3030","3028","One Way","Indego30"
"4148719","6/30/15 8:54","6/30/15 9:23","3032","3057","One Way","Walk-up"
"4148720","6/30/15 8:54","6/30/15 9:04","3032","3045","One Way","IndegoFlex"
"4148722","6/30/15 8:54","6/30/15 9:07","3047","3037","One Way","Walk-up"
"4148725","6/30/15 8:54","6/30/15 9:04","3029","3078","One Way","Indego30"
"4148726","6/30/15 8:54","6/30/15 9:16","3053","3037","One Way","Indego30"
"4148727","6/30/15 8:55","6/30/15 9:23","3032","3057","One Way","Walk-up"
"4148728","6/30/15 8:55","6/30/15 9:16","3053","3037","One Way","Indego30"
"4148729","6/30/15 8:56","6/30/15 9:02","3061","3054","One Way","Indego30"
"4148733","6/30/15 8:57","6/30/15 9:03","3007","3050","One Way","Indego30"
"4148734","6/30/15 8:58","6/30/15 9:04","3012","3020","One Way","Indego30"
"4148735","6/30/15 8:58","6/30/15 9:11","3032","3004","One Way","Indego30"
"4148736","6/30/15 8:59","6/30/15 9:10","3063","3022","One Way","Indego30"
"4148737","6/30/15 8:59","6/30/15 9:07","3059","3021","One Way","Indego30"
"4148738","6/30/15 8:59","6/30/15 9:08","3028","3010","One Way","Indego30"
"4148739","6/30/15 8:59","6/30/15 9:09","3063","3046","One Way","Indego30"
"4148740","6/30/15 8:59","6/30/15 9:10","3024","3020","One Way","Indego30"
"4148741","6/30/15 9:01","6/30/15 9:14","3066","3028","One Way","Indego30"
"4148742","6/30/15 9:02","6/30/15 9:03","3039","3039","Round Trip","Indego30"
"4148743","6/30/15 9:02","6/30/15 9:09","3025","3045","One Way","Indego30"
"4148744","6/30/15 9:02","6/30/15 9:09","3025","3045","One Way","Indego30"
"4148745","6/30/15 9:03","6/30/15 9:05","3039","3039","Round Trip","Indego30"
"4148746","6/30/15 9:03","6/30/15 9:16","3023","3029","One Way","Indego30"
"4148747","6/30/15 9:03","6/30/15 9:10","3025","3045","One Way","Indego30"
"4148748","6/30/15 9:03","6/30/15 9:12","3005","3050","One Way","Walk-up"
"4148749","6/30/15 9:04","6/30/15 9:10","3007","3004","One Way","Indego30"
"4148750","6/30/15 9:06","6/30/15 9:15","3068","3045","One Way","Indego30"
"4148752","6/30/15 9:06","6/30/15 9:07","3036","3036","Round Trip","Indego30"
"4148753","6/30/15 9:06","6/30/15 9:19","3034","3018","One Way","Indego30"
"4148754","6/30/15 9:07","6/30/15 9:49","3018","3021","One Way","Indego30"
"4148755","6/30/15 9:07","6/30/15 9:19","3039","3021","One Way","Indego30"
"4148756","6/30/15 9:07","6/30/15 9:23","3036","3052","One Way","Indego30"
"4148757","6/30/15 9:07","6/30/15 10:45","3015","3015","Round Trip","Indego30"
"4148758","6/30/15 9:09","6/30/15 9:16","3059","3037","One Way","Indego30"
"4148759","6/30/15 9:11","6/30/15 9:26","3028","3063","One Way","Indego30"
"4148760","6/30/15 9:11","6/30/15 9:29","3041","3021","One Way","Indego30"
"4148761","6/30/15 9:14","6/30/15 9:25","3022","3057","One Way","Indego30"
"4148762","6/30/15 9:14","6/30/15 9:23","3010","3022","One Way","Indego30"
"4148763","6/30/15 9:15","6/30/15 9:25","3069","3050","One Way","Indego30"
"4148764","6/30/15 9:15","6/30/15 9:23","3071","3029","One Way","Indego30"
"4148765","6/30/15 9:15","6/30/15 9:31","3068","3078","One Way","Indego30"
"4148766","6/30/15 9:15","6/30/15 9:24","3047","3050","One Way","Indego30"
"4148767","6/30/15 9:17","6/30/15 9:26","3010","3021","One Way","Indego30"
"4148768","6/30/15 9:19","6/30/15 9:39","3032","3037","One Way","Indego30"
"4148769","6/30/15 9:19","6/30/15 9:30","3062","3004","One Way","Indego30"
"4148770","6/30/15 9:20","6/30/15 9:29","3012","3022","One Way","Indego30"
"4148772","6/30/15 9:21","6/30/15 9:31","3032","3045","One Way","Indego30"
"4148773","6/30/15 9:21","6/30/15 9:34","3059","3005","One Way","Indego30"
"4148774","6/30/15 9:21","6/30/15 9:56","3054","3073","One Way","Indego30"
"4148775","6/30/15 9:23","6/30/15 9:37","3062","3037","One Way","Indego30"
"4148776","6/30/15 9:25","6/30/15 9:54","3041","3037","One Way","Indego30"
"4148778","6/30/15 9:27","6/30/15 9:36","3054","3078","One Way","Indego30"
"4148779","6/30/15 9:27","6/30/15 9:39","3006","3066","One Way","Indego30"
"4148780","6/30/15 9:28","6/30/15 9:58","3031","3057","One Way","Indego30"
"4148781","6/30/15 9:28","6/30/15 9:34","3021","3078","One Way","Indego30"
"4148782","6/30/15 9:29","6/30/15 9:43","3043","3060","One Way","Indego30"
"4148783","6/30/15 9:29","6/30/15 9:36","3051","3075","One Way","Indego30"
"4148785","6/30/15 9:30","6/30/15 10:07","3012","3000","One Way","Indego30"
"4148786","6/30/15 9:30","6/30/15 9:47","3019","3004","One Way","IndegoFlex"
"4148788","6/30/15 9:31","6/30/15 9:54","3020","3058","One Way","Indego30"
"4148790","6/30/15 9:31","6/30/15 9:40","3074","3020","One Way","Indego30"
"4148792","6/30/15 9:31","6/30/15 9:45","3045","3068","One Way","Indego30"
"4148794","6/30/15 9:32","6/30/15 9:46","3032","3037","One Way","Indego30"
"4148797","6/30/15 9:33","6/30/15 9:54","3057","3032","One Way","Walk-up"
"4148799","6/30/15 9:34","6/30/15 9:54","3057","3032","One Way","Walk-up"
"4148801","6/30/15 9:34","6/30/15 9:47","3058","3023","One Way","Indego30"
"4148802","6/30/15 9:34","6/30/15 9:47","3036","3037","One Way","Indego30"
"4148804","6/30/15 9:36","6/30/15 9:46","3066","3004","One Way","Indego30"
"4148805","6/30/15 9:36","6/30/15 10:07","3029","3037","One Way","Walk-up"
"4148806","6/30/15 9:36","6/30/15 9:56","3078","3073","One Way","Indego30"
"4148807","6/30/15 9:36","6/30/15 9:50","3007","3078","One Way","Indego30"
"4148808","6/30/15 9:37","6/30/15 9:46","3063","3022","One Way","Indego30"
"4148809","6/30/15 9:37","6/30/15 9:55","3031","3061","One Way","Indego30"
"4148810","6/30/15 9:37","6/30/15 9:50","3007","3078","One Way","Walk-up"
"4148811","6/30/15 9:38","6/30/15 9:53","3074","3023","One Way","Walk-up"
"4148812","6/30/15 9:38","6/30/15 9:54","3036","3021","One Way","Indego30"
"4148816","6/30/15 9:40","6/30/15 9:48","3069","3015","One Way","Indego30"
"4148819","6/30/15 9:41","6/30/15 9:57","3075","3023","One Way","Indego30"
"4148820","6/30/15 9:41","6/30/15 9:58","3012","3005","One Way","Indego30"
"4148821","6/30/15 9:41","6/30/15 10:28","3051","3030","One Way","Walk-up"
"4148822","6/30/15 9:43","6/30/15 10:28","3051","3030","One Way","Walk-up"
"4148823","6/30/15 9:43","6/30/15 9:59","3015","3021","One Way","Indego30"
"4148824","6/30/15 9:43","6/30/15 9:51","3023","3020","One Way","Indego30"
"4148825","6/30/15 9:44","6/30/15 9:54","3045","3032","One Way","Walk-up"
"4148826","6/30/15 9:44","6/30/15 10:46","3018","3009","One Way","Indego30"
"4148827","6/30/15 9:45","6/30/15 9:49","3062","3078","One Way","Indego30"
"4148828","6/30/15 9:45","6/30/15 9:56","3023","3037","One Way","Indego30"
"4148829","6/30/15 9:47","6/30/15 9:57","3054","3078","One Way","Indego30"
"4148830","6/30/15 9:47","6/30/15 9:59","3068","3062","One Way","Indego30"
"4148831","6/30/15 9:48","6/30/15 10:01","3059","3031","One Way","Indego30"
"4148833","6/30/15 9:48","6/30/15 10:02","3075","3060","One Way","Indego30"
"4148832","6/30/15 9:48","6/30/15 9:55","3063","3021","One Way","Indego30"
"4148834","6/30/15 9:48","6/30/15 10:02","3075","3060","One Way","Indego30"
"4148835","6/30/15 9:50","6/30/15 10:41","3074","3009","One Way","Walk-up"
"4148836","6/30/15 9:50","6/30/15 10:10","3029","3037","One Way","IndegoFlex"
"4148837","6/30/15 9:52","6/30/15 11:39","3070","3000","One Way","Indego30"
"4148838","6/30/15 9:53","6/30/15 9:59","3022","3032","One Way","Indego30"
"4148839","6/30/15 9:54","6/30/15 10:19","3025","3029","One Way","Indego30"
"4148840","6/30/15 9:54","6/30/15 10:04","3045","3032","One Way","Indego30"
"4148841","6/30/15 9:56","6/30/15 10:14","3033","3022","One Way","Indego30"
"4148842","6/30/15 9:56","6/30/15 10:19","3022","3056","One Way","Indego30"
"4148843","6/30/15 9:57","6/30/15 10:05","3059","3037","One Way","Indego30"
"4148844","6/30/15 9:58","6/30/15 10:07","3074","3020","One Way","Indego30"
"4148845","6/30/15 9:58","6/30/15 10:06","3018","3060","One Way","Indego30"
"4148846","6/30/15 10:00","6/30/15 10:10","3019","3045","One Way","Indego30"
"4148847","6/30/15 10:02","6/30/15 10:09","3063","3012","One Way","Indego30"
"4148848","6/30/15 10:03","6/30/15 10:21","3039","3061","One Way","Indego30"
"4148849","6/30/15 10:04","6/30/15 10:49","3022","3074","One Way","Indego30"
"4148850","6/30/15 10:04","6/30/15 10:15","3039","3031","One Way","Indego30"
"4148851","6/30/15 10:05","6/30/15 10:24","3034","3020","One Way","Indego30"
"4148852","6/30/15 10:07","6/30/15 10:25","3024","3062","One Way","Indego30"
"4148853","6/30/15 10:07","6/30/15 10:12","3006","3020","One Way","Indego30"
"4148854","6/30/15 10:07","6/30/15 10:23","3086","3059","One Way","Indego30"
"4148855","6/30/15 10:08","6/30/15 10:13","3018","3007","One Way","Indego30"
"4148856","6/30/15 10:08","6/30/15 10:17","3038","3024","One Way","Indego30"
"4148857","6/30/15 10:10","6/30/15 10:20","3062","3074","One Way","Indego30"
"4148858","6/30/15 10:10","6/30/15 10:22","3075","3031","One Way","Indego30"
"4148859","6/30/15 10:10","6/30/15 10:33","3004","3019","One Way","IndegoFlex"
"4148862","6/30/15 10:11","6/30/15 10:17","3028","3047","One Way","Indego30"
"4148863","6/30/15 10:12","6/30/15 10:31","3022","3004","One Way","Walk-up"
"4148866","6/30/15 10:13","6/30/15 10:27","3022","3004","One Way","Indego30"
"4148868","6/30/15 10:15","6/30/15 10:36","3034","3006","One Way","Indego30"
"4148870","6/30/15 10:15","6/30/15 10:28","3086","3038","One Way","Indego30"
"4148871","6/30/15 10:16","6/30/15 10:22","3007","3047","One Way","Indego30"
"4148873","6/30/15 10:17","6/30/15 10:21","3046","3055","One Way","Indego30"
"4148875","6/30/15 10:18","6/30/15 10:25","3071","3022","One Way","Indego30"
"4148876","6/30/15 10:18","6/30/15 10:49","3072","3021","One Way","Indego30"
"4148879","6/30/15 10:20","6/30/15 10:24","3015","3052","One Way","Indego30"
"4148881","6/30/15 10:21","6/30/15 10:39","3058","3033","One Way","Indego30"
"4148883","6/30/15 10:22","6/30/15 10:32","3069","3010","One Way","Indego30"
"4148884","6/30/15 10:23","6/30/15 10:28","3055","3004","One Way","Indego30"
"4148885","6/30/15 10:23","6/30/15 10:36","3073","3036","One Way","Walk-up"
"4148886","6/30/15 10:25","6/30/15 10:28","3034","3068","One Way","Indego30"
"4148887","6/30/15 10:27","6/30/15 10:52","3031","3010","One Way","Indego30"
"4148888","6/30/15 10:29","6/30/15 10:38","3064","3063","One Way","Indego30"
"4148889","6/30/15 10:29","6/30/15 10:41","3027","3009","One Way","Indego30"
"4148890","6/30/15 10:29","6/30/15 10:42","3027","3061","One Way","Indego30"
"4148891","6/30/15 10:30","6/30/15 10:38","3059","3057","One Way","Indego30"
"4148892","6/30/15 10:30","6/30/15 10:40","3034","3045","One Way","Indego30"
"4148893","6/30/15 10:30","6/30/15 10:37","3004","3059","One Way","Indego30"
"4148894","6/30/15 10:31","6/30/15 10:38","3064","3007","One Way","Indego30"
"4148895","6/30/15 10:31","6/30/15 10:37","3023","3004","One Way","Indego30"
"4148896","6/30/15 10:32","6/30/15 10:39","3023","3061","One Way","Indego30"
"4148898","6/30/15 10:32","6/30/15 10:51","3028","3038","One Way","Indego30"
"4148899","6/30/15 10:35","6/30/15 10:48","3064","3045","One Way","Indego30"
"4148900","6/30/15 10:35","6/30/15 10:52","3074","3023","One Way","Indego30"
"4148901","6/30/15 10:36","6/30/15 10:50","3064","3037","One Way","Indego30"
"4148902","6/30/15 10:37","6/30/15 10:51","3032","3006","One Way","Walk-up"
"4148904","6/30/15 10:38","6/30/15 10:46","3022","3029","One Way","Indego30"
"4148906","6/30/15 10:39","6/30/15 11:42","3063","3063","Round Trip","Indego30"
"4148907","6/30/15 10:40","6/30/15 10:50","3055","3060","One Way","Indego30"
"4148909","6/30/15 10:41","6/30/15 10:54","3010","3015","One Way","Indego30"
"4148910","6/30/15 10:43","6/30/15 10:52","3007","3023","One Way","Indego30"
"4148911","6/30/15 10:44","6/30/15 10:53","3064","3045","One Way","Indego30"
"4148912","6/30/15 10:45","6/30/15 10:56","3039","3031","One Way","Indego30"
"4148913","6/30/15 10:46","6/30/15 10:52","3062","3012","One Way","Indego30"
"4148914","6/30/15 10:47","6/30/15 10:55","3040","3018","One Way","Indego30"
"4148918","6/30/15 10:50","6/30/15 11:13","3066","3066","Round Trip","Walk-up"
"4148921","6/30/15 10:51","6/30/15 11:12","3066","3066","Round Trip","Walk-up"
"4148922","6/30/15 10:51","6/30/15 10:58","3061","3054","One Way","Indego30"
"4148924","6/30/15 10:52","6/30/15 11:02","3063","3068","One Way","Indego30"
"4148929","6/30/15 10:53","6/30/15 11:34","3021","3057","One Way","Indego30"
"4148930","6/30/15 10:53","6/30/15 11:00","3015","3050","One Way","Indego30"
"4148931","6/30/15 10:54","6/30/15 11:02","3012","3066","One Way","Indego30"
"4148932","6/30/15 10:54","6/30/15 11:02","3068","3010","One Way","Indego30"
"4148933","6/30/15 10:55","6/30/15 11:06","3074","3062","One Way","Indego30"
"4148934","6/30/15 10:58","6/30/15 11:27","3056","3056","Round Trip","Indego30"
"4148935","6/30/15 10:58","6/30/15 11:27","3056","3056","Round Trip","Walk-up"
"4148937","6/30/15 10:59","6/30/15 11:03","3027","3029","One Way","Indego30"
"4148938","6/30/15 11:00","6/30/15 11:11","3038","3062","One Way","Indego30"
"4148939","6/30/15 11:01","6/30/15 11:31","3066","3057","One Way","Walk-up"
"4148940","6/30/15 11:02","6/30/15 11:10","3059","3078","One Way","Indego30"
"4148941","6/30/15 11:02","6/30/15 11:19","3028","3040","One Way","Indego30"
"4148942","6/30/15 11:06","6/30/15 11:32","3006","3022","One Way","Walk-up"
"4148943","6/30/15 11:07","6/30/15 11:16","3073","3014","One Way","Indego30"
"4148944","6/30/15 11:07","6/30/15 11:21","3040","3066","One Way","Indego30"
"4148945","6/30/15 11:09","6/30/15 11:42","3024","3024","Round Trip","Walk-up"
"4148946","6/30/15 11:09","6/30/15 11:35","3010","3021","One Way","Indego30"
"4148947","6/30/15 11:09","6/30/15 11:38","3041","3049","One Way","Indego30"
"4148948","6/30/15 11:10","6/30/15 11:20","3073","3055","One Way","Indego30"
"4148949","6/30/15 11:11","6/30/15 11:19","3034","3007","One Way","Indego30"
"4148950","6/30/15 11:12","6/30/15 11:19","3015","3072","One Way","Indego30"
"4148951","6/30/15 11:12","6/30/15 13:02","3061","3061","Round Trip","Walk-up"
"4148952","6/30/15 11:13","6/30/15 13:02","3061","3061","Round Trip","Walk-up"
"4148953","6/30/15 11:13","6/30/15 11:23","3032","3020","One Way","Indego30"
"4148954","6/30/15 11:14","6/30/15 11:20","3012","3062","One Way","Indego30"
"4148955","6/30/15 11:14","6/30/15 11:22","3026","3007","One Way","Indego30"
"4148956","6/30/15 11:14","6/30/15 11:43","3024","3058","One Way","Indego30"
"4148963","6/30/15 11:17","6/30/15 11:27","3010","3068","One Way","Indego30"
"4148964","6/30/15 11:18","6/30/15 11:29","3032","3022","One Way","Indego30"
"4148966","6/30/15 11:18","6/30/15 11:38","3078","3008","One Way","Walk-up"
"4148967","6/30/15 11:21","6/30/15 11:28","3052","3046","One Way","Indego30"
"4148968","6/30/15 11:21","6/30/15 12:51","3028","3023","One Way","Walk-up"
"4148969","6/30/15 11:22","6/30/15 11:28","3007","3030","One Way","Indego30"
"4148970","6/30/15 11:24","6/30/15 11:37","3060","3077","One Way","Indego30"
"4148971","6/30/15 11:24","6/30/15 11:37","3060","3077","One Way","Indego30"
"4148972","6/30/15 11:24","6/30/15 11:36","3026","3010","One Way","Indego30"
"4148973","6/30/15 11:27","6/30/15 11:46","3020","3034","One Way","Indego30"
"4148974","6/30/15 11:30","6/30/15 12:01","3054","3036","One Way","Indego30"
"4148975","6/30/15 11:30","6/30/15 11:57","3028","3023","One Way","Indego30"
"4148976","6/30/15 11:31","6/30/15 12:01","3007","3000","One Way","Indego30"
"4148977","6/30/15 11:32","6/30/15 13:07","3023","3023","Round Trip","Walk-up"
"4148979","6/30/15 11:33","6/30/15 11:45","3021","3029","One Way","Indego30"
"4148980","6/30/15 11:34","6/30/15 11:41","3077","3040","One Way","Walk-up"
"4148981","6/30/15 11:35","6/30/15 11:51","3019","3061","One Way","Indego30"
"4148982","6/30/15 11:35","6/30/15 11:41","3078","3010","One Way","Indego30"
"4148983","6/30/15 11:35","6/30/15 11:48","3026","3005","One Way","Indego30"
"4148984","6/30/15 11:35","6/30/15 13:06","3023","3023","Round Trip","Walk-up"
"4148985","6/30/15 11:36","6/30/15 11:42","3020","3032","One Way","Indego30"
"4148986","6/30/15 11:37","6/30/15 11:47","3049","3010","One Way","Indego30"
"4148987","6/30/15 11:37","6/30/15 11:45","3004","3021","One Way","Indego30"
"4148988","6/30/15 11:37","6/30/15 11:55","3020","3052","One Way","Walk-up"
"4148989","6/30/15 11:37","6/30/15 11:45","3019","3037","One Way","Indego30"
"4148990","6/30/15 11:38","6/30/15 11:48","3049","3005","One Way","Indego30"
"4148991","6/30/15 11:38","6/30/15 12:10","3077","3075","One Way","Indego30"
"4148992","6/30/15 11:38","6/30/15 12:10","3077","3075","One Way","Indego30"
"4148993","6/30/15 11:39","6/30/15 11:53","3006","3004","One Way","Indego30"
"4148994","6/30/15 11:39","6/30/15 11:52","3061","3063","One Way","Indego30"
"4148997","6/30/15 11:40","6/30/15 11:57","3053","3000","One Way","Indego30"
"4148999","6/30/15 11:41","6/30/15 13:30","3032","3000","One Way","Indego30"
"4149000","6/30/15 11:41","6/30/15 12:13","3022","3022","Round Trip","Indego30"
"4149002","6/30/15 11:42","6/30/15 11:59","3066","3057","One Way","Indego30"
"4149003","6/30/15 11:42","6/30/15 11:55","3026","3045","One Way","Indego30"
"4149004","6/30/15 11:42","6/30/15 11:59","3066","3057","One Way","Indego30"
"4149005","6/30/15 11:43","6/30/15 11:45","3007","3052","One Way","Indego30"
"4149006","6/30/15 11:43","6/30/15 11:59","3037","3032","One Way","Indego30"
"4149007","6/30/15 11:44","6/30/15 11:51","3021","3033","One Way","Indego30"
"4149008","6/30/15 11:44","6/30/15 11:49","3020","3032","One Way","Indego30"
"4149009","6/30/15 11:45","6/30/15 11:57","3056","3004","One Way","Indego30"
"4149010","6/30/15 11:46","6/30/15 12:15","3071","3057","One Way","Walk-up"
"4149011","6/30/15 11:46","6/30/15 12:13","3034","3004","One Way","Indego30"
"4149012","6/30/15 11:47","6/30/15 11:59","3051","3022","One Way","Indego30"
"4149013","6/30/15 11:47","6/30/15 12:15","3074","3025","One Way","Indego30"
"4149014","6/30/15 11:47","6/30/15 12:16","3021","3054","One Way","Indego30"
"4149015","6/30/15 11:49","6/30/15 12:06","3023","3075","One Way","Indego30"
"4149017","6/30/15 11:50","6/30/15 12:11","3018","3020","One Way","Indego30"
"4149018","6/30/15 11:50","6/30/15 11:55","3004","3060","One Way","Indego30"
"4149019","6/30/15 11:51","6/30/15 12:19","3061","3050","One Way","IndegoFlex"
"4149020","6/30/15 11:51","6/30/15 12:19","3033","3012","One Way","Walk-up"
"4149021","6/30/15 11:51","6/30/15 12:12","3015","3015","Round Trip","Walk-up"
"4149022","6/30/15 11:53","6/30/15 12:32","3078","3078","Round Trip","Indego30"
"4149023","6/30/15 11:54","6/30/15 11:57","3004","3018","One Way","Indego30"
"4149025","6/30/15 11:54","6/30/15 11:55","3018","3018","Round Trip","Indego30"
"4149026","6/30/15 11:54","6/30/15 12:09","3015","3023","One Way","Indego30"
"4149027","6/30/15 11:55","6/30/15 12:41","3058","3027","One Way","Walk-up"
"4149031","6/30/15 11:56","6/30/15 12:21","3056","3045","One Way","Indego30"
"4149032","6/30/15 11:57","6/30/15 12:41","3058","3027","One Way","Walk-up"
"4149033","6/30/15 11:57","6/30/15 12:03","3032","3020","One Way","Indego30"
"4149035","6/30/15 11:57","6/30/15 12:15","3043","3018","One Way","Indego30"
"4149036","6/30/15 11:57","6/30/15 12:05","3023","3007","One Way","Indego30"
"4149038","6/30/15 11:58","6/30/15 12:03","3028","3015","One Way","Indego30"
"4149039","6/30/15 11:58","6/30/15 12:03","3028","3015","One Way","Indego30"
"4149041","6/30/15 11:59","6/30/15 12:20","3057","3007","One Way","Indego30"
"4149042","6/30/15 11:59","6/30/15 12:07","3057","3059","One Way","Indego30"
"4149043","6/30/15 12:00","6/30/15 12:14","3031","3059","One Way","Indego30"
"4149044","6/30/15 12:01","6/30/15 12:14","3031","3059","One Way","Indego30"
"4149045","6/30/15 12:01","6/30/15 13:22","3061","3061","Round Trip","Walk-up"
"4149046","6/30/15 12:01","6/30/15 12:32","3018","3024","One Way","Indego30"
"4149048","6/30/15 12:03","6/30/15 12:14","3033","3025","One Way","Indego30"
"4149049","6/30/15 12:04","6/30/15 14:48","3058","3000","One Way","Indego30"
"4149050","6/30/15 12:04","6/30/15 12:17","3012","3022","One Way","Indego30"
"4149052","6/30/15 12:07","6/30/15 12:59","3055","3055","Round Trip","Indego30"
"4149053","6/30/15 12:08","6/30/15 12:22","3013","3018","One Way","Walk-up"
"4149054","6/30/15 12:09","6/30/15 12:21","3071","3020","One Way","Indego30"
"4149055","6/30/15 12:09","6/30/15 12:16","3015","3010","One Way","Indego30"
"4149056","6/30/15 12:10","6/30/15 12:17","3037","3061","One Way","Indego30"
"4149057","6/30/15 12:10","6/30/15 12:19","3057","3011","One Way","Indego30"
"4149058","6/30/15 12:10","6/30/15 12:13","3018","3004","One Way","Indego30"
"4149062","6/30/15 12:12","6/30/15 12:19","3072","3015","One Way","Indego30"
"4149063","6/30/15 12:13","6/30/15 12:25","3058","3023","One Way","Walk-up"
"4149064","6/30/15 12:13","6/30/15 12:44","3023","3006","One Way","Walk-up"
"4149065","6/30/15 12:13","6/30/15 12:34","3056","3070","One Way","Walk-up"
"4149067","6/30/15 12:13","6/30/15 12:44","3023","3006","One Way","Walk-up"
"4149068","6/30/15 12:14","6/30/15 12:34","3056","3070","One Way","Walk-up"
"4149069","6/30/15 12:14","6/30/15 12:38","3007","3004","One Way","Indego30"
"4149070","6/30/15 12:14","6/30/15 13:08","3074","3024","One Way","Indego30"
"4149072","6/30/15 12:15","6/30/15 12:30","3033","3061","One Way","Indego30"
"4149073","6/30/15 12:15","6/30/15 12:25","3016","3037","One Way","Indego30"
"4149074","6/30/15 12:15","6/30/15 12:23","3033","3030","One Way","Indego30"
"4149075","6/30/15 12:15","6/30/15 12:23","3033","3030","One Way","Indego30"
"4149076","6/30/15 12:16","6/30/15 12:52","3059","3069","One Way","Walk-up"
"4149077","6/30/15 12:16","6/30/15 14:26","3007","3007","Round Trip","Walk-up"
"4149078","6/30/15 12:18","6/30/15 12:26","3007","3026","One Way","Walk-up"
"4149079","6/30/15 12:18","6/30/15 12:32","3026","3037","One Way","Indego30"
"4149080","6/30/15 12:19","6/30/15 12:41","3009","3037","One Way","Indego30"
"4149081","6/30/15 12:20","6/30/15 12:35","3060","3007","One Way","Indego30"
"4149082","6/30/15 12:20","6/30/15 12:34","3031","3070","One Way","Indego30"
"4149083","6/30/15 12:20","6/30/15 13:02","3050","3050","Round Trip","Walk-up"
"4149084","6/30/15 12:21","6/30/15 12:30","3032","3029","One Way","Indego30"
"4149085","6/30/15 12:22","6/30/15 13:04","3066","3066","Round Trip","Indego30"
"4149087","6/30/15 12:23","6/30/15 13:02","3004","3004","Round Trip","Indego30"
"4149088","6/30/15 12:24","6/30/15 12:40","3030","3007","One Way","Indego30"
"4149089","6/30/15 12:24","6/30/15 14:27","3018","3015","One Way","Indego30"
"4149092","6/30/15 12:26","6/30/15 14:27","3018","3015","One Way","Indego30"
"4149094","6/30/15 12:27","6/30/15 12:42","3029","3004","One Way","Indego30"
"4149095","6/30/15 12:27","6/30/15 12:46","3037","3034","One Way","Indego30"
"4149096","6/30/15 12:27","6/30/15 12:37","3030","3072","One Way","Walk-up"
"4149097","6/30/15 12:28","6/30/15 12:43","3006","3010","One Way","Walk-up"
"4149098","6/30/15 12:29","6/30/15 12:33","3019","3055","One Way","Indego30"
"4149099","6/30/15 12:29","6/30/15 12:38","3013","3060","One Way","Indego30"
"4149100","6/30/15 12:29","6/30/15 12:46","3019","3036","One Way","Indego30"
"4149101","6/30/15 12:30","6/30/15 12:46","3019","3036","One Way","Indego30"
"4149102","6/30/15 12:31","6/30/15 12:36","3009","3061","One Way","Indego30"
"4149103","6/30/15 12:31","6/30/15 12:47","3021","3006","One Way","Indego30"
"4149104","6/30/15 12:35","6/30/15 12:46","3028","3010","One Way","Indego30"
"4149105","6/30/15 12:35","6/30/15 13:17","3004","3021","One Way","Indego30"
"4149106","6/30/15 12:37","6/30/15 13:19","3004","3054","One Way","Walk-up"
"4149107","6/30/15 12:37","6/30/15 12:49","3068","3010","One Way","Indego30"
"4149108","6/30/15 12:38","6/30/15 13:10","3061","3061","Round Trip","Indego30"
"4149109","6/30/15 12:38","6/30/15 12:44","3006","3029","One Way","Indego30"
"4149110","6/30/15 12:38","6/30/15 12:49","3025","3033","One Way","Indego30"
"4149111","6/30/15 12:39","6/30/15 12:49","3068","3010","One Way","Walk-up"
"4149112","6/30/15 12:39","6/30/15 12:48","3052","3026","One Way","Indego30"
"4149113","6/30/15 12:39","6/30/15 12:50","3019","3036","One Way","Indego30"
"4149114","6/30/15 12:40","6/30/15 12:50","3023","3022","One Way","Indego30"
"4149115","6/30/15 12:40","6/30/15 12:48","3073","3036","One Way","Indego30"
"4149116","6/30/15 12:40","6/30/15 12:58","3070","3037","One Way","IndegoFlex"
"4149118","6/30/15 12:41","6/30/15 12:55","3060","3019","One Way","Indego30"
"4149117","6/30/15 12:41","6/30/15 12:48","3009","3071","One Way","Indego30"
"4149119","6/30/15 12:41","6/30/15 12:57","3057","3023","One Way","Indego30"
"4149120","6/30/15 12:41","6/30/15 12:57","3057","3023","One Way","Indego30"
"4149121","6/30/15 12:41","6/30/15 12:48","3060","3021","One Way","IndegoFlex"
"4149122","6/30/15 12:42","6/30/15 12:56","3009","3066","One Way","IndegoFlex"
"4149123","6/30/15 12:43","6/30/15 13:11","3039","3023","One Way","Indego30"
"4149124","6/30/15 12:43","6/30/15 12:56","3031","3054","One Way","Indego30"
"4149125","6/30/15 12:43","6/30/15 12:54","3029","3066","One Way","Indego30"
"4149126","6/30/15 12:43","6/30/15 13:16","3057","3026","One Way","Walk-up"
"4149127","6/30/15 12:44","6/30/15 12:49","3012","3086","One Way","Indego30"
"4149129","6/30/15 12:46","6/30/15 12:57","3068","3033","One Way","Indego30"
"4149131","6/30/15 12:47","6/30/15 12:53","3032","3020","One Way","Indego30"
"4149132","6/30/15 12:49","6/30/15 13:09","3006","3004","One Way","Indego30"
"4149133","6/30/15 12:49","6/30/15 12:54","3019","3013","One Way","Indego30"
"4149134","6/30/15 12:50","6/30/15 12:59","3022","3021","One Way","Indego30"
"4149136","6/30/15 12:52","6/30/15 12:57","3060","3004","One Way","Indego30"
"4149137","6/30/15 12:53","6/30/15 13:04","3023","3058","One Way","Walk-up"
"4149139","6/30/15 12:53","6/30/15 13:01","3032","3061","One Way","Indego30"
"4149140","6/30/15 12:53","6/30/15 13:03","3028","3050","One Way","Indego30"
"4149141","6/30/15 12:54","6/30/15 14:55","3057","3057","Round Trip","Walk-up"
"4149142","6/30/15 12:54","6/30/15 13:18","3034","3023","One Way","Indego30"
"4149143","6/30/15 12:55","6/30/15 14:55","3057","3057","Round Trip","Walk-up"
"4149144","6/30/15 12:56","6/30/15 13:06","3052","3023","One Way","Indego30"
"4149145","6/30/15 12:56","6/30/15 13:18","3061","3018","One Way","Indego30"
"4149147","6/30/15 12:59","6/30/15 13:06","3025","3069","One Way","Indego30"
"4149148","6/30/15 13:00","6/30/15 13:39","3021","3021","Round Trip","Walk-up"
"4149149","6/30/15 13:00","6/30/15 13:11","3045","3047","One Way","Indego30"
"4149150","6/30/15 13:00","6/30/15 13:06","3066","3020","One Way","Indego30"
"4149151","6/30/15 13:01","6/30/15 13:17","3020","3010","One Way","Indego30"
"4149152","6/30/15 13:02","6/30/15 13:32","3078","3078","Round Trip","Walk-up"
"4149153","6/30/15 13:02","6/30/15 13:09","3063","3062","One Way","Indego30"
"4149154","6/30/15 13:02","6/30/15 13:08","3045","3086","One Way","Indego30"
"4149155","6/30/15 13:03","6/30/15 13:13","3023","3068","One Way","Indego30"
"4149156","6/30/15 13:03","6/30/15 13:11","3056","3031","One Way","Indego30"
"4149157","6/30/15 13:05","6/30/15 14:33","3031","3022","One Way","Walk-up"
"4149158","6/30/15 13:05","6/30/15 13:26","3023","3030","One Way","Walk-up"
"4149159","6/30/15 13:06","6/30/15 13:12","3021","3060","One Way","IndegoFlex"
"4149160","6/30/15 13:07","6/30/15 13:19","3045","3026","One Way","Indego30"
"4149161","6/30/15 13:07","6/30/15 13:11","3062","3062","Round Trip","Indego30"
"4149163","6/30/15 13:08","6/30/15 13:22","3040","3031","One Way","Indego30"
"4149164","6/30/15 13:08","6/30/15 13:11","3004","3018","One Way","Indego30"
"4149165","6/30/15 13:08","6/30/15 13:35","3024","3029","One Way","Indego30"
"4149169","6/30/15 13:11","6/30/15 13:25","3018","3026","One Way","Indego30"
"4149170","6/30/15 13:11","6/30/15 13:34","3062","3055","One Way","Indego30"
"4149171","6/30/15 13:12","6/30/15 13:29","3051","3054","One Way","Indego30"
"4149172","6/30/15 13:12","6/30/15 13:18","3068","3086","One Way","Indego30"
"4149173","6/30/15 13:13","6/30/15 13:30","3070","3072","One Way","Walk-up"
"4149174","6/30/15 13:13","6/30/15 13:30","3004","3006","One Way","Indego30"
"4149175","6/30/15 13:13","6/30/15 13:23","3059","3055","One Way","Indego30"
"4149176","6/30/15 13:13","6/30/15 13:31","3070","3072","One Way","Walk-up"
"4149177","6/30/15 13:14","6/30/15 13:29","3018","3025","One Way","Indego30"
"4149178","6/30/15 13:14","6/30/15 13:26","3014","3013","One Way","Indego30"
"4149179","6/30/15 13:15","6/30/15 13:19","3050","3033","One Way","Indego30"
"4149180","6/30/15 13:15","6/30/15 13:26","3077","3037","One Way","Walk-up"
"4149181","6/30/15 13:16","6/30/15 13:26","3018","3073","One Way","Walk-up"
"4149182","6/30/15 13:18","6/30/15 13:28","3010","3005","One Way","Indego30"
"4149183","6/30/15 13:18","6/30/15 13:29","3010","3026","One Way","Indego30"
"4149184","6/30/15 13:20","6/30/15 13:26","3063","3032","One Way","Indego30"
"4149185","6/30/15 13:21","6/30/15 13:31","3009","3032","One Way","Indego30"
"4149188","6/30/15 13:22","6/30/15 13:58","3040","3028","One Way","Indego30"
"4149187","6/30/15 13:22","6/30/15 13:45","3018","3053","One Way","Indego30"
"4149189","6/30/15 13:22","6/30/15 13:27","3010","3007","One Way","Indego30"
"4149190","6/30/15 13:23","6/30/15 13:37","3033","3061","One Way","Indego30"
"4149191","6/30/15 13:23","6/30/15 13:40","3010","3012","One Way","Indego30"
"4149193","6/30/15 13:23","6/30/15 13:28","3071","3022","One Way","Indego30"
"4149195","6/30/15 13:24","6/30/15 13:32","3005","3072","One Way","Indego30"
"4149197","6/30/15 13:26","6/30/15 14:05","3024","3024","Round Trip","Indego30"
"4149198","6/30/15 13:27","6/30/15 13:37","3036","3019","One Way","Indego30"
"4149199","6/30/15 13:27","6/30/15 13:37","3036","3019","One Way","Indego30"
"4149200","6/30/15 13:28","6/30/15 14:03","3018","3018","Round Trip","Walk-up"
"4149201","6/30/15 13:31","6/30/15 13:56","3026","3004","One Way","Walk-up"
"4149202","6/30/15 13:32","6/30/15 13:56","3026","3004","One Way","Walk-up"
"4149203","6/30/15 13:33","6/30/15 13:40","3027","3074","One Way","Indego30"
"4149204","6/30/15 13:33","6/30/15 13:52","3026","3037","One Way","Walk-up"
"4149205","6/30/15 13:35","6/30/15 13:51","3004","3029","One Way","Indego30"
"4149206","6/30/15 13:36","6/30/15 13:51","3029","3007","One Way","Indego30"
"4149207","6/30/15 13:36","6/30/15 13:41","3032","3023","One Way","Indego30"
"4149208","6/30/15 13:37","6/30/15 13:44","3021","3022","One Way","Indego30"
"4149209","6/30/15 13:38","6/30/15 14:18","3086","3070","One Way","Indego30"
"4149210","6/30/15 13:39","6/30/15 13:56","3033","3025","One Way","Indego30"
"4149214","6/30/15 13:42","6/30/15 14:00","3010","3072","One Way","Indego30"
"4149215","6/30/15 13:42","6/30/15 14:07","3058","3058","Round Trip","Indego30"
"4149217","6/30/15 13:43","6/30/15 13:51","3055","3007","One Way","Indego30"
"4149218","6/30/15 13:43","6/30/15 14:12","3022","3056","One Way","Indego30"
"4149219","6/30/15 13:45","6/30/15 13:52","3027","3022","One Way","Indego30"
"4149220","6/30/15 13:46","6/30/15 14:01","3078","3069","One Way","Indego30"
"4149221","6/30/15 13:47","6/30/15 13:58","3055","3019","One Way","Indego30"
"4149222","6/30/15 13:47","6/30/15 14:50","3023","3023","Round Trip","Indego30"
"4149223","6/30/15 13:49","6/30/15 14:37","3057","3057","Round Trip","Indego30"
"4149224","6/30/15 13:50","6/30/15 14:20","3031","3029","One Way","Indego30"
"4149225","6/30/15 13:53","6/30/15 13:54","3033","3033","Round Trip","Indego30"
"4149226","6/30/15 13:54","6/30/15 13:57","3033","3033","Round Trip","Indego30"
"4149227","6/30/15 13:55","6/30/15 14:08","3069","3070","One Way","Indego30"
"4149228","6/30/15 13:55","6/30/15 14:15","3024","3066","One Way","Walk-up"
"4149229","6/30/15 13:58","6/30/15 14:09","3066","3009","One Way","IndegoFlex"
"4149230","6/30/15 13:58","6/30/15 14:07","3045","3034","One Way","Indego30"
"4149231","6/30/15 13:59","6/30/15 14:30","3055","3039","One Way","Walk-up"
"4149232","6/30/15 13:59","6/30/15 14:06","3007","3037","One Way","Indego30"
"4149234","6/30/15 14:00","6/30/15 14:10","3014","3057","One Way","Walk-up"
"4149235","6/30/15 14:01","6/30/15 14:08","3022","3027","One Way","Indego30"
"4149236","6/30/15 14:01","6/30/15 14:11","3066","3050","One Way","Indego30"
"4149237","6/30/15 14:01","6/30/15 14:52","3057","3057","Round Trip","Walk-up"
"4149238","6/30/15 14:02","6/30/15 14:19","3045","3012","One Way","Indego30"
"4149239","6/30/15 14:02","6/30/15 14:53","3057","3057","Round Trip","Walk-up"
"4149240","6/30/15 14:03","6/30/15 14:23","3074","3006","One Way","Walk-up"
"4149241","6/30/15 14:03","6/30/15 14:20","3033","3034","One Way","Indego30"
"4149242","6/30/15 14:03","6/30/15 14:56","3074","3074","Round Trip","Indego30"
"4149243","6/30/15 14:04","6/30/15 14:25","3075","3063","One Way","Indego30"
"4149244","6/30/15 14:05","6/30/15 14:23","3074","3006","One Way","Walk-up"
"4149245","6/30/15 14:05","6/30/15 14:16","3052","3045","One Way","Walk-up"
"4149246","6/30/15 14:05","6/30/15 18:02","3069","3023","One Way","Indego30"
"4149247","6/30/15 14:06","6/30/15 14:16","3052","3045","One Way","Walk-up"
"4149249","6/30/15 14:10","6/30/15 14:29","3072","3007","One Way","Walk-up"
"4149250","6/30/15 14:11","6/30/15 14:26","3031","3051","One Way","Indego30"
"4149251","6/30/15 14:11","6/30/15 14:15","3055","3019","One Way","Indego30"
"4149252","6/30/15 14:11","6/30/15 14:17","3018","3059","One Way","Indego30"
"4149253","6/30/15 14:11","6/30/15 15:32","3004","3039","One Way","Indego30"
"4149254","6/30/15 14:11","6/30/15 14:32","3018","3014","One Way","Indego30"
"4149255","6/30/15 14:12","6/30/15 14:13","3018","3018","Round Trip","Indego30"
"4149256","6/30/15 14:13","6/30/15 14:32","3018","3014","One Way","Indego30"
"4149259","6/30/15 14:17","6/30/15 15:16","3029","3020","One Way","Walk-up"
"4149260","6/30/15 14:17","6/30/15 14:25","3023","3052","One Way","Indego30"
"4149261","6/30/15 14:18","6/30/15 14:22","3051","3054","One Way","Indego30"
"4149262","6/30/15 14:18","6/30/15 15:16","3029","3020","One Way","Indego30"
"4149263","6/30/15 14:18","6/30/15 14:48","3056","3068","One Way","Indego30"
"4149264","6/30/15 14:19","6/30/15 14:24","3078","3022","One Way","Indego30"
"4149265","6/30/15 14:19","6/30/15 15:16","3029","3020","One Way","Walk-up"
"4149266","6/30/15 14:19","6/30/15 14:36","3004","3034","One Way","Indego30"
"4149267","6/30/15 14:20","6/30/15 14:51","3036","3036","Round Trip","Indego30"
"4149268","6/30/15 14:20","6/30/15 14:23","3041","3036","One Way","Indego30"
"4149269","6/30/15 14:21","6/30/15 15:16","3029","3020","One Way","Walk-up"
"4149270","6/30/15 14:21","6/30/15 14:29","3065","3041","One Way","Walk-up"
"4149271","6/30/15 14:21","6/30/15 14:26","3032","3020","One Way","Indego30"
"4149272","6/30/15 14:22","6/30/15 14:39","3006","3023","One Way","Indego30"
"4149273","6/30/15 14:24","6/30/15 14:34","3025","3018","One Way","Indego30"
"4149274","6/30/15 14:25","6/30/15 14:35","3024","3029","One Way","Indego30"
"4149275","6/30/15 14:27","6/30/15 14:41","3020","3060","One Way","Indego30"
"4149276","6/30/15 14:27","6/30/15 14:38","3010","3029","One Way","Indego30"
"4149277","6/30/15 14:27","6/30/15 14:52","3037","3029","One Way","Indego30"
"4149278","6/30/15 14:28","6/30/15 14:51","3010","3036","One Way","Indego30"
"4149279","6/30/15 14:28","6/30/15 14:33","3021","3060","One Way","Indego30"
"4149280","6/30/15 14:29","6/30/15 14:39","3015","3045","One Way","Indego30"
"4149281","6/30/15 14:29","6/30/15 14:46","3032","3027","One Way","Indego30"
"4149282","6/30/15 14:30","6/30/15 14:36","3054","3051","One Way","Indego30"
"4149283","6/30/15 14:30","6/30/15 14:33","3036","3041","One Way","Indego30"
"4149285","6/30/15 14:32","6/30/15 14:53","3071","3030","One Way","Indego30"
"4149286","6/30/15 14:33","6/30/15 14:44","3069","3033","One Way","Indego30"
"4149287","6/30/15 14:33","6/30/15 14:49","3073","3055","One Way","Indego30"
"4149288","6/30/15 14:33","6/30/15 14:51","3021","3036","One Way","Indego30"
"4149289","6/30/15 14:33","6/30/15 14:39","3013","3019","One Way","Indego30"
"4149291","6/30/15 14:33","6/30/15 14:54","3029","3068","One Way","Indego30"
"4149290","6/30/15 14:33","6/30/15 14:40","3070","3047","One Way","Indego30"
"4149292","6/30/15 14:34","6/30/15 14:41","3051","3060","One Way","Indego30"
"4149293","6/30/15 14:34","6/30/15 14:41","3059","3013","One Way","Indego30"
"4149295","6/30/15 14:34","6/30/15 14:45","3015","3072","One Way","Indego30"
"4149296","6/30/15 14:35","6/30/15 14:50","3015","3018","One Way","Indego30"
"4149297","6/30/15 14:36","6/30/15 14:50","3015","3018","One Way","Indego30"
"4149298","6/30/15 14:36","6/30/15 14:53","3019","3041","One Way","Walk-up"
"4149300","6/30/15 14:38","6/30/15 15:10","3015","3021","One Way","Indego30"
"4149301","6/30/15 14:39","6/30/15 15:10","3015","3021","One Way","Indego30"
"4149302","6/30/15 14:40","6/30/15 14:57","3024","3022","One Way","IndegoFlex"
"4149303","6/30/15 14:41","6/30/15 14:56","3004","3018","One Way","Indego30"
"4149304","6/30/15 14:42","6/30/15 14:57","3024","3022","One Way","Walk-up"
"4149305","6/30/15 14:42","6/30/15 14:52","3063","3025","One Way","Indego30"
"4149306","6/30/15 14:42","6/30/15 15:02","3034","3063","One Way","Indego30"
"4149307","6/30/15 14:42","6/30/15 15:00","3008","3018","One Way","Indego30"
"4149308","6/30/15 14:43","6/30/15 14:50","3060","3058","One Way","Indego30"
"4149309","6/30/15 14:44","6/30/15 14:56","3030","3066","One Way","Walk-up"
"4149310","6/30/15 14:45","6/30/15 15:05","3075","3039","One Way","Indego30"
"4149311","6/30/15 14:47","6/30/15 15:15","3029","3033","One Way","Walk-up"
"4149312","6/30/15 14:47","6/30/15 14:59","3039","3031","One Way","Indego30"
"4149313","6/30/15 14:47","6/30/15 15:16","3029","3033","One Way","Walk-up"
"4149314","6/30/15 14:48","6/30/15 15:10","3029","3045","One Way","Indego30"
"4149315","6/30/15 14:48","6/30/15 16:20","3054","3054","Round Trip","Walk-up"
"4149316","6/30/15 14:48","6/30/15 15:01","3061","3063","One Way","Indego30"
"4149317","6/30/15 14:48","6/30/15 15:09","3029","3066","One Way","Indego30"
"4149318","6/30/15 14:49","6/30/15 15:03","3019","3060","One Way","Indego30"
"4149319","6/30/15 14:49","6/30/15 15:09","3068","3075","One Way","Indego30"
"4149320","6/30/15 14:49","6/30/15 14:57","3069","3052","One Way","Walk-up"
"4149321","6/30/15 14:49","6/30/15 15:28","3045","3045","Round Trip","Indego30"
"4149322","6/30/15 14:50","6/30/15 16:10","3033","3007","One Way","Walk-up"
"4149323","6/30/15 14:50","6/30/15 15:04","3039","3055","One Way","Indego30"
"4149324","6/30/15 14:51","6/30/15 16:06","3033","3007","One Way","Walk-up"
"4149325","6/30/15 14:51","6/30/15 16:09","3049","3049","Round Trip","Walk-up"
"4149326","6/30/15 14:52","6/30/15 15:29","3012","3036","One Way","IndegoFlex"
"4149328","6/30/15 14:52","6/30/15 16:09","3049","3049","Round Trip","Walk-up"
"4149330","6/30/15 14:52","6/30/15 16:53","3070","3070","Round Trip","Walk-up"
"4149329","6/30/15 14:52","6/30/15 15:48","3004","3010","One Way","Indego30"
"4149332","6/30/15 14:52","6/30/15 14:59","3052","3030","One Way","Indego30"
"4149331","6/30/15 14:52","6/30/15 14:57","3058","3075","One Way","Indego30"
"4149333","6/30/15 14:53","6/30/15 16:53","3070","3070","Round Trip","Walk-up"
"4149334","6/30/15 14:54","6/30/15 15:10","3037","3052","One Way","IndegoFlex"
"4149335","6/30/15 14:55","6/30/15 15:02","3073","3004","One Way","Indego30"
"4149336","6/30/15 14:55","6/30/15 15:06","3086","3028","One Way","Indego30"
"4149337","6/30/15 14:56","6/30/15 15:33","3020","3070","One Way","Indego30"
"4149338","6/30/15 14:57","6/30/15 15:01","3029","3027","One Way","Indego30"
"4149339","6/30/15 14:59","6/30/15 15:06","3009","3061","One Way","Indego30"
"4149340","6/30/15 15:01","6/30/15 15:21","3021","3037","One Way","Walk-up"
"4149341","6/30/15 15:03","6/30/15 15:15","3020","3014","One Way","Indego30"
"4149342","6/30/15 15:03","6/30/15 15:14","3007","3062","One Way","Indego30"
"4149343","6/30/15 15:04","6/30/15 15:10","3022","3029","One Way","Indego30"
"4149345","6/30/15 15:04","6/30/15 15:12","3021","3059","One Way","Indego30"
"4149346","6/30/15 15:05","6/30/15 15:59","3018","3018","Round Trip","Walk-up"
"4149347","6/30/15 15:06","6/30/15 15:16","3029","3021","One Way","Indego30"
"4149348","6/30/15 15:06","6/30/15 15:24","3031","3018","One Way","Indego30"
"4149349","6/30/15 15:06","6/30/15 15:14","3020","3006","One Way","Indego30"
"4149350","6/30/15 15:07","6/30/15 15:27","3010","3006","One Way","Walk-up"
"4149351","6/30/15 15:07","6/30/15 15:16","3061","3037","One Way","Indego30"
"4149353","6/30/15 15:08","6/30/15 19:32","3045","3023","One Way","Walk-up"
"4149354","6/30/15 15:09","6/30/15 15:36","3028","3056","One Way","Indego30"
"4149355","6/30/15 15:09","6/30/15 15:24","3024","3022","One Way","Walk-up"
"4149356","6/30/15 15:10","6/30/15 15:19","3028","3045","One Way","Indego30"
"4149357","6/30/15 15:10","6/30/15 15:19","3028","3010","One Way","Indego30"
"4149358","6/30/15 15:10","6/30/15 15:22","3032","3006","One Way","Indego30"
"4149359","6/30/15 15:12","6/30/15 16:01","3017","3063","One Way","Indego30"
"4149360","6/30/15 15:12","6/30/15 15:24","3073","3004","One Way","Indego30"
"4149361","6/30/15 15:13","6/30/15 15:21","3023","3045","One Way","Indego30"
"4149362","6/30/15 15:14","6/30/15 15:50","3038","3055","One Way","Indego30"
"4149363","6/30/15 15:17","6/30/15 15:27","3029","3006","One Way","Indego30"
"4149364","6/30/15 15:18","6/30/15 15:28","3037","3061","One Way","Walk-up"
"4149365","6/30/15 15:18","6/30/15 15:27","3034","3007","One Way","IndegoFlex"
"4149366","6/30/15 15:19","6/30/15 15:26","3029","3022","One Way","Indego30"
"4149367","6/30/15 15:20","6/30/15 15:56","3006","3026","One Way","Indego30"
"4149368","6/30/15 15:20","6/30/15 15:31","3046","3028","One Way","Indego30"
"4149369","6/30/15 15:20","6/30/15 15:27","3054","3021","One Way","Indego30"
"4149370","6/30/15 15:21","6/30/15 15:27","3023","3012","One Way","Indego30"
"4149371","6/30/15 15:22","6/30/15 15:31","3031","3040","One Way","Indego30"
"4149372","6/30/15 15:24","6/30/15 15:39","3046","3023","One Way","Indego30"
"4149373","6/30/15 15:25","6/30/15 15:36","3068","3015","One Way","Indego30"
"4149374","6/30/15 15:26","6/30/15 15:41","3055","3072","One Way","Walk-up"
"4149375","6/30/15 15:26","6/30/15 15:39","3018","3063","One Way","Indego30"
"4149376","6/30/15 15:26","6/30/15 15:36","3046","3047","One Way","Indego30"
"4149377","6/30/15 15:27","6/30/15 15:50","3032","3071","One Way","Indego30"
"4149378","6/30/15 15:28","6/30/15 15:54","3063","3056","One Way","Indego30"
"4149379","6/30/15 15:29","6/30/15 15:44","3031","3021","One Way","Indego30"
"4149380","6/30/15 15:29","6/30/15 15:35","3021","3037","One Way","Indego30"
"4149381","6/30/15 15:29","6/30/15 15:39","3007","3046","One Way","Indego30"
"4149382","6/30/15 15:31","6/30/15 15:43","3059","3058","One Way","IndegoFlex"
"4149383","6/30/15 15:31","6/30/15 15:38","3034","3045","One Way","Indego30"
"4149384","6/30/15 15:32","6/30/15 15:40","3054","3021","One Way","Indego30"
"4149385","6/30/15 15:32","6/30/15 15:48","3039","3050","One Way","Indego30"
"4149387","6/30/15 15:32","6/30/15 16:05","3029","3009","One Way","Indego30"
"4149386","6/30/15 15:32","6/30/15 16:05","3029","3009","One Way","Indego30"
"4149388","6/30/15 15:33","6/30/15 16:27","3018","3018","Round Trip","Walk-up"
"4149389","6/30/15 15:33","6/30/15 15:37","3030","3028","One Way","Indego30"
"4149390","6/30/15 15:34","6/30/15 16:27","3018","3018","Round Trip","Walk-up"
"4149391","6/30/15 15:35","6/30/15 15:41","3078","3010","One Way","Indego30"
"4149392","6/30/15 15:35","6/30/15 15:39","3066","3032","One Way","Indego30"
"4149393","6/30/15 15:38","6/30/15 16:08","3010","3068","One Way","Indego30"
"4149394","6/30/15 15:38","6/30/15 15:48","3038","3022","One Way","Indego30"
"4149395","6/30/15 15:40","6/30/15 16:05","3057","3031","One Way","Indego30"
"4149396","6/30/15 15:40","6/30/15 15:43","3068","3086","One Way","Indego30"
"4149398","6/30/15 15:41","6/30/15 15:58","3070","3059","One Way","Indego30"
"4149399","6/30/15 15:41","6/30/15 15:46","3028","3015","One Way","Indego30"
"4149400","6/30/15 15:41","6/30/15 15:44","3070","3070","Round Trip","Indego30"
"4149401","6/30/15 15:42","6/30/15 15:53","3050","3061","One Way","IndegoFlex"
"4149402","6/30/15 15:44","6/30/15 15:58","3023","3034","One Way","Indego30"
"4149403","6/30/15 15:45","6/30/15 16:02","3021","3043","One Way","Indego30"
"4149404","6/30/15 15:45","6/30/15 15:58","3070","3059","One Way","Indego30"
"4149405","6/30/15 15:45","6/30/15 16:00","3049","3049","Round Trip","Walk-up"
"4149406","6/30/15 15:46","6/30/15 16:09","3043","3056","One Way","Indego30"
"4149407","6/30/15 15:46","6/30/15 16:02","3027","3012","One Way","Indego30"
"4149408","6/30/15 15:48","6/30/15 16:01","3021","3009","One Way","Indego30"
"4149409","6/30/15 15:48","6/30/15 16:05","3037","3031","One Way","Indego30"
"4149410","6/30/15 15:49","6/30/15 16:12","3029","3025","One Way","Indego30"
"4149412","6/30/15 15:49","6/30/15 16:00","3063","3028","One Way","Walk-up"
"4149413","6/30/15 15:49","6/30/15 16:27","3049","3057","One Way","Walk-up"
"4149414","6/30/15 15:50","6/30/15 15:55","3031","3056","One Way","Indego30"
"4149415","6/30/15 15:51","6/30/15 16:27","3049","3057","One Way","Walk-up"
"4149416","6/30/15 15:51","6/30/15 16:51","3010","3023","One Way","Indego30"
"4149417","6/30/15 15:51","6/30/15 15:58","3023","3061","One Way","Indego30"
"4149418","6/30/15 15:52","6/30/15 16:01","3025","3026","One Way","Indego30"
"4149419","6/30/15 15:52","6/30/15 16:23","3047","3047","Round Trip","Walk-up"
"4149420","6/30/15 15:53","6/30/15 16:17","3027","3007","One Way","Indego30"
"4149421","6/30/15 15:53","6/30/15 16:23","3047","3047","Round Trip","Walk-up"
"4149422","6/30/15 15:54","6/30/15 16:08","3010","3049","One Way","Indego30"
"4149423","6/30/15 15:54","6/30/15 16:19","3028","3023","One Way","Indego30"
"4149424","6/30/15 15:55","6/30/15 16:07","3033","3060","One Way","Indego30"
"4149425","6/30/15 15:55","6/30/15 16:01","3029","3022","One Way","Indego30"
"4149426","6/30/15 15:55","6/30/15 16:25","3006","3006","Round Trip","Walk-up"
"4149427","6/30/15 15:55","6/30/15 16:06","3023","3068","One Way","Indego30"
"4149428","6/30/15 15:56","6/30/15 16:06","3070","3040","One Way","Walk-up"
"4149429","6/30/15 15:56","6/30/15 16:06","3018","3063","One Way","Indego30"
"4149430","6/30/15 15:57","6/30/15 16:03","3033","3007","One Way","Indego30"
"4149431","6/30/15 15:57","6/30/15 16:07","3052","3019","One Way","IndegoFlex"
"4149432","6/30/15 15:57","6/30/15 16:09","3004","3005","One Way","Indego30"
"4149433","6/30/15 15:59","6/30/15 16:30","3074","3051","One Way","Indego30"
"4149434","6/30/15 15:59","6/30/15 16:04","3078","3014","One Way","Indego30"
"4149435","6/30/15 15:59","6/30/15 16:04","3078","3014","One Way","Indego30"
"4149436","6/30/15 16:00","6/30/15 16:16","3007","3056","One Way","Indego30"
"4149437","6/30/15 16:01","6/30/15 16:08","3059","3058","One Way","Indego30"
"4149438","6/30/15 16:01","6/30/15 16:18","3006","3033","One Way","Indego30"
"4149439","6/30/15 16:02","6/30/15 16:12","3068","3068","Round Trip","Indego30"
"4149441","6/30/15 16:05","6/30/15 16:55","3072","3028","One Way","Indego30"
"4149442","6/30/15 16:05","6/30/15 16:17","3015","3012","One Way","Indego30"
"4149443","6/30/15 16:06","6/30/15 16:17","3029","3032","One Way","Indego30"
"4149446","6/30/15 16:06","6/30/15 16:20","3023","3069","One Way","Indego30"
"4149447","6/30/15 16:08","6/30/15 16:15","3037","3019","One Way","Indego30"
"4149450","6/30/15 16:08","6/30/15 16:25","3015","3023","One Way","Indego30"
"4149451","6/30/15 16:08","6/30/15 16:46","3036","3012","One Way","IndegoFlex"
"4149452","6/30/15 16:09","6/30/15 16:37","3029","3017","One Way","Indego30"
"4149453","6/30/15 16:09","6/30/15 16:27","3072","3078","One Way","Walk-up"
"4149454","6/30/15 16:09","6/30/15 16:19","3066","3007","One Way","Indego30"
"4149457","6/30/15 16:10","6/30/15 16:37","3023","3024","One Way","Indego30"
"4149458","6/30/15 16:10","6/30/15 16:24","3068","3063","One Way","Indego30"
"4149459","6/30/15 16:10","6/30/15 16:24","3007","3060","One Way","Indego30"
"4149460","6/30/15 16:10","6/30/15 16:17","3075","3058","One Way","Indego30"
"4149462","6/30/15 16:11","6/30/15 16:25","3027","3054","One Way","Indego30"
"4149464","6/30/15 16:11","6/30/15 16:27","3029","3010","One Way","Indego30"
"4149465","6/30/15 16:11","6/30/15 16:21","3019","3034","One Way","Indego30"
"4149466","6/30/15 16:11","6/30/15 16:18","3061","3012","One Way","Indego30"
"4149467","6/30/15 16:12","6/30/15 16:29","3052","3055","One Way","Indego30"
"4149468","6/30/15 16:12","6/30/15 16:19","3058","3059","One Way","Indego30"
"4149469","6/30/15 16:14","6/30/15 16:20","3033","3005","One Way","Indego30"
"4149470","6/30/15 16:14","6/30/15 16:21","3052","3034","One Way","Indego30"
"4149471","6/30/15 16:14","6/30/15 16:26","3052","3049","One Way","Walk-up"
"4149472","6/30/15 16:15","6/30/15 16:52","3026","3007","One Way","Indego30"
"4149473","6/30/15 16:15","6/30/15 16:33","3049","3070","One Way","Walk-up"
"4149474","6/30/15 16:15","6/30/15 16:33","3052","3058","One Way","Indego30"
"4149475","6/30/15 16:15","6/30/15 16:24","3046","3007","One Way","Indego30"
"4149477","6/30/15 16:16","6/30/15 17:28","3046","3052","One Way","Indego30"
"4149479","6/30/15 16:17","6/30/15 16:20","3038","3020","One Way","Indego30"
"4149480","6/30/15 16:18","6/30/15 16:21","3027","3011","One Way","Indego30"
"4149481","6/30/15 16:19","6/30/15 16:26","3086","3018","One Way","Indego30"
"4149482","6/30/15 16:19","6/30/15 16:33","3008","3018","One Way","Indego30"
"4149483","6/30/15 16:20","6/30/15 16:29","3025","3072","One Way","Walk-up"
"4149484","6/30/15 16:20","6/30/15 16:30","3057","3071","One Way","Indego30"
"4149485","6/30/15 16:21","6/30/15 16:33","3022","3007","One Way","Indego30"
"4149487","6/30/15 16:22","6/30/15 16:29","3061","3004","One Way","Indego30"
"4149488","6/30/15 16:22","6/30/15 16:34","3055","3032","One Way","Indego30"
"4149489","6/30/15 16:23","6/30/15 16:31","3045","3032","One Way","Indego30"
"4149490","6/30/15 16:23","6/30/15 16:32","3031","3036","One Way","Indego30"
"4149491","6/30/15 16:23","6/30/15 16:26","3023","3078","One Way","Indego30"
"4149492","6/30/15 16:26","6/30/15 16:38","3011","3054","One Way","Indego30"
"4149493","6/30/15 16:28","6/30/15 16:37","3022","3057","One Way","Indego30"
"4149494","6/30/15 16:29","6/30/15 16:37","3078","3052","One Way","Indego30"
"4149495","6/30/15 16:30","6/30/15 16:46","3029","3063","One Way","Indego30"
"4149496","6/30/15 16:30","6/30/15 17:39","3063","3063","Round Trip","Indego30"
"4149497","6/30/15 16:31","6/30/15 16:43","3037","3010","One Way","Indego30"
"4149498","6/30/15 16:32","6/30/15 16:43","3037","3010","One Way","Indego30"
"4149499","6/30/15 16:32","6/30/15 16:43","3020","3024","One Way","Indego30"
"4149500","6/30/15 16:32","6/30/15 16:43","3037","3046","One Way","Indego30"
"4149501","6/30/15 16:33","6/30/15 16:41","3010","3010","Round Trip","Walk-up"
"4149502","6/30/15 16:33","6/30/15 16:38","3054","3051","One Way","Indego30"
"4149503","6/30/15 16:33","6/30/15 16:39","3015","3026","One Way","Indego30"
"4149504","6/30/15 16:33","6/30/15 17:00","3029","3030","One Way","Indego30"
"4149505","6/30/15 16:34","6/30/15 16:44","3046","3030","One Way","Indego30"
"4149506","6/30/15 16:34","6/30/15 16:41","3021","3054","One Way","Indego30"
"4149507","6/30/15 16:34","6/30/15 16:53","3051","3041","One Way","Walk-up"
"4149508","6/30/15 16:37","6/30/15 16:48","3032","3034","One Way","Indego30"
"4149509","6/30/15 16:38","6/30/15 17:07","3056","3015","One Way","Indego30"
"4149510","6/30/15 16:40","6/30/15 16:51","3050","3005","One Way","Walk-up"
"4149511","6/30/15 16:40","6/30/15 16:53","3055","3055","Round Trip","Walk-up"
"4149512","6/30/15 16:40","6/30/15 16:51","3033","3032","One Way","Indego30"
"4149513","6/30/15 16:40","6/30/15 17:25","3045","3034","One Way","Indego30"
"4149514","6/30/15 16:41","6/30/15 16:46","3023","3021","One Way","Indego30"
"4149515","6/30/15 16:41","6/30/15 16:53","3055","3055","Round Trip","Walk-up"
"4149516","6/30/15 16:41","6/30/15 16:55","3023","3071","One Way","Indego30"
"4149517","6/30/15 16:41","6/30/15 16:44","3034","3068","One Way","Indego30"
"4149518","6/30/15 16:41","6/30/15 16:53","3055","3055","Round Trip","Walk-up"
"4149519","6/30/15 16:43","6/30/15 16:47","3052","3015","One Way","Indego30"
"4149520","6/30/15 16:44","6/30/15 16:49","3010","3018","One Way","Indego30"
"4149521","6/30/15 16:44","6/30/15 17:22","3004","3039","One Way","Indego30"
"4149522","6/30/15 16:49","6/30/15 16:55","3045","3030","One Way","Indego30"
"4149523","6/30/15 16:51","6/30/15 17:00","3019","3007","One Way","Indego30"
"4149524","6/30/15 16:56","6/30/15 18:08","3028","3072","One Way","Indego30"
"4149525","6/30/15 17:07","6/30/15 17:21","3052","3036","One Way","Indego30"
"4149526","6/30/15 17:09","6/30/15 17:18","3056","3004","One Way","Indego30"
"4149527","6/30/15 17:10","6/30/15 17:22","3060","3071","One Way","Indego30"
"4149528","6/30/15 17:13","6/30/15 17:19","3019","3028","One Way","Indego30"
"4149529","6/30/15 17:13","6/30/15 17:33","3009","3045","One Way","Indego30"
"4149530","6/30/15 17:13","6/30/15 17:22","3018","3073","One Way","Indego30"
"4149531","6/30/15 17:21","6/30/15 17:27","3054","3021","One Way","Indego30"
"4149532","6/30/15 17:21","6/30/15 17:27","3075","3051","One Way","Indego30"
"4149533","6/30/15 17:21","6/30/15 17:33","3021","3009","One Way","Indego30"
"4149534","6/30/15 17:22","6/30/15 17:31","3039","3051","One Way","Indego30"
"4149535","6/30/15 17:22","6/30/15 17:36","3040","3049","One Way","Walk-up"
"4149536","6/30/15 17:23","6/30/15 17:39","3059","3069","One Way","Walk-up"
"4149537","6/30/15 17:25","6/30/15 17:38","3018","3061","One Way","Indego30"
"4149538","6/30/15 17:25","6/30/15 17:38","3020","3063","One Way","Indego30"
"4149539","6/30/15 17:25","6/30/15 17:31","3045","3050","One Way","Indego30"
"4149540","6/30/15 17:26","6/30/15 17:48","3078","3070","One Way","Indego30"
"4149541","6/30/15 17:26","6/30/15 17:32","3021","3062","One Way","Indego30"
"4149542","6/30/15 17:26","6/30/15 17:31","3040","3051","One Way","Indego30"
"4149543","6/30/15 17:27","6/30/15 17:34","3021","3012","One Way","Indego30"
"4149544","6/30/15 17:27","6/30/15 17:42","3038","3023","One Way","Indego30"
"4149545","6/30/15 17:27","6/30/15 17:42","3012","3055","One Way","Indego30"
"4149546","6/30/15 17:28","6/30/15 17:39","3061","3027","One Way","Indego30"
"4149547","6/30/15 17:28","6/30/15 17:48","3037","3032","One Way","Indego30"
"4149548","6/30/15 17:28","6/30/15 17:40","3059","3045","One Way","Indego30"
"4149549","6/30/15 17:29","6/30/15 17:54","3021","3024","One Way","Indego30"
"4149550","6/30/15 17:30","6/30/15 17:37","3078","3012","One Way","Indego30"
"4149551","6/30/15 17:30","6/30/15 17:43","3061","3053","One Way","Indego30"
"4149552","6/30/15 17:30","6/30/15 17:38","3010","3030","One Way","Indego30"
"4149553","6/30/15 17:30","6/30/15 18:07","3021","3030","One Way","Indego30"
"4149554","6/30/15 17:30","6/30/15 18:01","3045","3010","One Way","Indego30"
"4149555","6/30/15 17:31","6/30/15 17:43","3018","3066","One Way","Indego30"
"4149556","6/30/15 17:33","6/30/15 17:38","3047","3028","One Way","Indego30"
"4149557","6/30/15 17:33","6/30/15 17:46","3022","3060","One Way","Indego30"
"4149558","6/30/15 17:34","6/30/15 17:49","3007","3012","One Way","Indego30"
"4149559","6/30/15 17:34","6/30/15 17:45","3064","3052","One Way","Indego30"
"4149560","6/30/15 17:34","6/30/15 17:53","3050","3034","One Way","Indego30"
"4149561","6/30/15 17:34","6/30/15 18:00","3007","3024","One Way","Indego30"
"4149562","6/30/15 17:34","6/30/15 17:45","3021","3051","One Way","Indego30"
"4149563","6/30/15 17:34","6/30/15 17:39","3027","3009","One Way","Indego30"
"4149564","6/30/15 17:34","6/30/15 18:00","3015","3047","One Way","Indego30"
"4149565","6/30/15 17:35","6/30/15 17:43","3005","3072","One Way","Indego30"
"4149566","6/30/15 17:35","6/30/15 17:41","3020","3032","One Way","Indego30"
"4149567","6/30/15 17:35","6/30/15 17:50","3021","3051","One Way","Indego30"
"4149568","6/30/15 17:36","6/30/15 17:54","3004","3032","One Way","Indego30"
"4149569","6/30/15 17:36","6/30/15 17:42","3015","3028","One Way","Indego30"
"4149570","6/30/15 17:36","6/30/15 17:53","3019","3056","One Way","Indego30"
"4149571","6/30/15 17:37","6/30/15 17:58","3006","3029","One Way","Indego30"
"4149572","6/30/15 17:37","6/30/15 18:22","3010","3019","One Way","Indego30"
"4149573","6/30/15 17:37","6/30/15 17:53","3023","3072","One Way","Indego30"
"4149574","6/30/15 17:37","6/30/15 17:47","3022","3012","One Way","Indego30"
"4149575","6/30/15 17:37","6/30/15 17:55","3060","3007","One Way","Indego30"
"4149576","6/30/15 17:37","6/30/15 17:42","3020","3032","One Way","Indego30"
"4149577","6/30/15 17:38","6/30/15 17:53","3018","3051","One Way","Indego30"
"4149578","6/30/15 17:39","6/30/15 17:55","3078","3029","One Way","Indego30"
"4149579","6/30/15 17:39","6/30/15 17:52","3063","3060","One Way","Indego30"
"4149580","6/30/15 17:39","6/30/15 17:46","3020","3032","One Way","Indego30"
"4149581","6/30/15 17:39","6/30/15 17:55","3059","3031","One Way","Indego30"
"4149582","6/30/15 17:40","6/30/15 17:47","3052","3028","One Way","Indego30"
"4149583","6/30/15 17:40","6/30/15 17:48","3015","3069","One Way","Walk-up"
"4149584","6/30/15 17:40","6/30/15 17:55","3021","3060","One Way","Indego30"
"4149585","6/30/15 17:40","6/30/15 17:50","3064","3021","One Way","Indego30"
"4149586","6/30/15 17:40","6/30/15 17:53","3066","3006","One Way","Indego30"
"4149587","6/30/15 17:41","6/30/15 17:52","3019","3069","One Way","Indego30"
"4149588","6/30/15 17:41","6/30/15 17:59","3010","3013","One Way","Indego30"
"4149589","6/30/15 17:42","6/30/15 18:02","3006","3051","One Way","Indego30"
"4149590","6/30/15 17:42","6/30/15 18:04","3018","3054","One Way","Indego30"
"4149591","6/30/15 17:43","6/30/15 18:02","3027","3010","One Way","Indego30"
"4149593","6/30/15 17:44","6/30/15 18:01","3021","3005","One Way","Indego30"
"4149592","6/30/15 17:44","6/30/15 17:59","3004","3073","One Way","Indego30"
"4149594","6/30/15 17:44","6/30/15 17:49","3055","3046","One Way","Indego30"
"4149595","6/30/15 17:44","6/30/15 17:45","3022","3022","Round Trip","Indego30"
"4149596","6/30/15 17:45","6/30/15 17:53","3018","3046","One Way","Indego30"
"4149597","6/30/15 17:45","6/30/15 17:56","3022","3066","One Way","Indego30"
"4149598","6/30/15 17:47","6/30/15 17:59","3045","3028","One Way","Indego30"
"4149599","6/30/15 17:47","6/30/15 18:03","3046","3070","One Way","IndegoFlex"
"4149600","6/30/15 17:48","6/30/15 17:58","3031","3077","One Way","Indego30"
"4149601","6/30/15 17:48","6/30/15 18:09","3061","3024","One Way","Indego30"
"4149602","6/30/15 17:49","6/30/15 18:09","3022","3028","One Way","Indego30"
"4149603","6/30/15 17:50","6/30/15 18:02","3004","3019","One Way","Indego30"
"4149604","6/30/15 17:50","6/30/15 17:58","3045","3086","One Way","Indego30"
"4149606","6/30/15 17:50","6/30/15 18:08","3021","3032","One Way","Walk-up"
"4149607","6/30/15 17:51","6/30/15 18:22","3038","3051","One Way","Indego30"
"4149608","6/30/15 17:51","6/30/15 18:10","3026","3022","One Way","Indego30"
"4149609","6/30/15 17:51","6/30/15 18:11","3037","3034","One Way","Indego30"
"4149610","6/30/15 17:52","6/30/15 18:10","3006","3023","One Way","Indego30"
"4149611","6/30/15 17:52","6/30/15 17:59","3056","3059","One Way","Indego30"
"4149612","6/30/15 17:52","6/30/15 18:04","3068","3045","One Way","Indego30"
"4149613","6/30/15 17:52","6/30/15 18:06","3045","3034","One Way","Indego30"
"4149614","6/30/15 17:52","6/30/15 17:57","3045","3021","One Way","Indego30"
"4149615","6/30/15 17:53","6/30/15 18:13","3037","3031","One Way","Indego30"
"4149616","6/30/15 17:53","6/30/15 18:00","3021","3007","One Way","Indego30"
"4149617","6/30/15 17:53","6/30/15 17:58","3020","3029","One Way","Indego30"
"4149618","6/30/15 17:53","6/30/15 18:03","3033","3069","One Way","Indego30"
"4149619","6/30/15 17:53","6/30/15 17:55","3011","3027","One Way","Indego30"
"4149620","6/30/15 17:53","6/30/15 17:54","3020","3020","Round Trip","Indego30"
"4149621","6/30/15 17:53","6/30/15 18:11","3061","3010","One Way","Indego30"
"4149624","6/30/15 17:54","6/30/15 18:18","3078","3052","One Way","Indego30"
"4149625","6/30/15 17:54","6/30/15 18:10","3022","3063","One Way","Indego30"
"4149627","6/30/15 17:55","6/30/15 18:09","3031","3051","One Way","Indego30"
"4149628","6/30/15 17:55","6/30/15 18:36","3020","3074","One Way","Indego30"
"4149629","6/30/15 17:55","6/30/15 18:05","3022","3032","One Way","Indego30"
"4149630","6/30/15 17:55","6/30/15 18:06","3029","3074","One Way","Indego30"
"4149631","6/30/15 17:56","6/30/15 18:05","3022","3066","One Way","Indego30"
"4149635","6/30/15 17:57","6/30/15 18:15","3045","3022","One Way","Indego30"
"4149636","6/30/15 17:57","6/30/15 18:35","3004","3051","One Way","Indego30"
"4149637","6/30/15 17:57","6/30/15 18:05","3051","3040","One Way","Indego30"
"4149639","6/30/15 17:58","6/30/15 18:09","3018","3028","One Way","Indego30"
"4149640","6/30/15 17:58","6/30/15 18:11","3045","3072","One Way","Indego30"
"4149641","6/30/15 17:58","6/30/15 18:13","3024","3020","One Way","Indego30"
"4149642","6/30/15 17:58","6/30/15 18:21","3045","3056","One Way","Indego30"
"4149643","6/30/15 17:58","6/30/15 18:18","3078","3052","One Way","Walk-up"
"4149644","6/30/15 17:59","6/30/15 18:15","3009","3068","One Way","Indego30"
"4149645","6/30/15 17:59","6/30/15 18:05","3019","3018","One Way","Indego30"
"4149646","6/30/15 17:59","6/30/15 18:09","3078","3054","One Way","Indego30"
"4149647","6/30/15 18:00","6/30/15 18:11","3075","3047","One Way","Indego30"
"4149648","6/30/15 18:00","6/30/15 18:06","3032","3022","One Way","Indego30"
"4149649","6/30/15 18:01","6/30/15 18:21","3045","3056","One Way","Indego30"
"4149650","6/30/15 18:02","6/30/15 18:10","3010","3030","One Way","Indego30"
"4149651","6/30/15 18:02","6/30/15 18:10","3029","3022","One Way","Indego30"
"4149652","6/30/15 18:03","6/30/15 18:11","3012","3023","One Way","Indego30"
"4149653","6/30/15 18:03","6/30/15 18:20","3069","3061","One Way","Indego30"
"4149654","6/30/15 18:03","6/30/15 18:38","3028","3025","One Way","Indego30"
"4149655","6/30/15 18:03","6/30/15 18:35","3078","3057","One Way","Indego30"
"4149656","6/30/15 18:03","6/30/15 18:25","3009","3007","One Way","Indego30"
"4149657","6/30/15 18:04","6/30/15 18:05","3004","3004","Round Trip","Indego30"
"4149658","6/30/15 18:04","6/30/15 18:21","3004","3069","One Way","Indego30"
"4149659","6/30/15 18:04","6/30/15 18:26","3068","3057","One Way","Indego30"
"4149660","6/30/15 18:05","6/30/15 18:30","3005","3005","Round Trip","Walk-up"
"4149661","6/30/15 18:05","6/30/15 18:21","3004","3069","One Way","Indego30"
"4149662","6/30/15 18:05","6/30/15 18:15","3045","3030","One Way","Indego30"
"4149663","6/30/15 18:06","6/30/15 18:18","3032","3068","One Way","Indego30"
"4149664","6/30/15 18:06","6/30/15 18:30","3005","3005","Round Trip","Walk-up"
"4149665","6/30/15 18:06","6/30/15 18:16","3004","3019","One Way","Walk-up"
"4149666","6/30/15 18:06","6/30/15 18:19","3018","3046","One Way","Indego30"
"4149667","6/30/15 18:06","6/30/15 18:22","3005","3010","One Way","Indego30"
"4149668","6/30/15 18:06","6/30/15 18:08","3014","3014","Round Trip","Indego30"
"4149669","6/30/15 18:07","6/30/15 18:20","3030","3047","One Way","Indego30"
"4149670","6/30/15 18:07","6/30/15 18:20","3030","3047","One Way","Indego30"
"4149671","6/30/15 18:07","6/30/15 18:18","3031","3018","One Way","Indego30"
"4149672","6/30/15 18:08","6/30/15 18:27","3027","3004","One Way","Indego30"
"4149673","6/30/15 18:08","6/30/15 18:28","3006","3061","One Way","Indego30"
"4149674","6/30/15 18:10","6/30/15 18:17","3029","3074","One Way","Indego30"
"4149675","6/30/15 18:10","6/30/15 18:20","3040","3037","One Way","Walk-up"
"4149676","6/30/15 18:10","6/30/15 18:24","3023","3074","One Way","Indego30"
"4149677","6/30/15 18:11","6/30/15 18:26","3046","3012","One Way","Indego30"
"4149678","6/30/15 18:11","6/30/15 18:21","3078","3086","One Way","Indego30"
"4149679","6/30/15 18:11","6/30/15 18:34","3033","3051","One Way","Indego30"
"4149680","6/30/15 18:11","6/30/15 18:28","3011","3061","One Way","Indego30"
"4149681","6/30/15 18:11","6/30/15 21:32","3040","3000","One Way","Walk-up"
"4149682","6/30/15 18:11","6/30/15 18:26","3014","3045","One Way","Indego30"
"4149683","6/30/15 18:11","6/30/15 18:20","3063","3052","One Way","Indego30"
"4149684","6/30/15 18:11","6/30/15 18:32","3032","3032","Round Trip","Indego30"
"4149685","6/30/15 18:12","6/30/15 18:24","3005","3025","One Way","Indego30"
"4149686","6/30/15 18:13","6/30/15 18:24","3063","3026","One Way","Indego30"
"4149687","6/30/15 18:13","6/30/15 18:21","3037","3045","One Way","IndegoFlex"
"4149688","6/30/15 18:13","6/30/15 19:56","3058","3058","Round Trip","Indego30"
"4149689","6/30/15 18:13","6/30/15 18:26","3021","3015","One Way","Indego30"
"4149690","6/30/15 18:14","6/30/15 18:45","3020","3036","One Way","Indego30"
"4149691","6/30/15 18:14","6/30/15 18:41","3019","3019","Round Trip","Walk-up"
"4149692","6/30/15 18:14","6/30/15 18:39","3061","3070","One Way","Indego30"
"4149693","6/30/15 18:15","6/30/15 18:25","3058","3058","Round Trip","Indego30"
"4149694","6/30/15 18:15","6/30/15 18:39","3070","3066","One Way","Walk-up"
"4149695","6/30/15 18:15","6/30/15 18:24","3045","3032","One Way","Indego30"
"4149696","6/30/15 18:15","6/30/15 18:28","3020","3010","One Way","Indego30"
"4149697","6/30/15 18:16","6/30/15 18:27","3023","3018","One Way","Indego30"
"4149698","6/30/15 18:16","6/30/15 18:46","3019","3024","One Way","Indego30"
"4149699","6/30/15 18:16","6/30/15 18:24","3021","3058","One Way","Indego30"
"4149700","6/30/15 18:16","6/30/15 18:18","3056","3056","Round Trip","Indego30"
"4149701","6/30/15 18:17","6/30/15 18:31","3058","3078","One Way","Indego30"
"4149702","6/30/15 18:17","6/30/15 18:22","3007","3025","One Way","Indego30"
"4149703","6/30/15 18:17","6/30/15 20:43","3028","3000","One Way","Indego30"
"4149704","6/30/15 18:17","6/30/15 18:22","3045","3004","One Way","Indego30"
"4149705","6/30/15 18:18","6/30/15 19:01","3022","3022","Round Trip","Indego30"
"4149706","6/30/15 18:18","6/30/15 18:38","3028","3063","One Way","Indego30"
"4149707","6/30/15 18:18","6/30/15 18:42","3038","3010","One Way","Indego30"
"4149708","6/30/15 18:19","6/30/15 18:20","3068","3068","Round Trip","Indego30"
"4149709","6/30/15 18:19","6/30/15 18:30","3038","3012","One Way","Indego30"
"4149711","6/30/15 18:19","6/30/15 19:01","3004","3018","One Way","Indego30"
"4149712","6/30/15 18:19","6/30/15 18:44","3005","3063","One Way","Indego30"
"4149713","6/30/15 18:19","6/30/15 18:31","3073","3056","One Way","Indego30"
"4149714","6/30/15 18:20","6/30/15 18:35","3056","3062","One Way","Indego30"
"4149715","6/30/15 18:20","6/30/15 18:41","3068","3028","One Way","Indego30"
"4149716","6/30/15 18:20","6/30/15 18:36","3023","3028","One Way","Indego30"
"4149717","6/30/15 18:20","6/30/15 18:30","3028","3034","One Way","Indego30"
"4149718","6/30/15 18:20","6/30/15 18:23","3061","3062","One Way","Indego30"
"4149719","6/30/15 18:21","6/30/15 18:32","3068","3019","One Way","Walk-up"
"4149720","6/30/15 18:21","6/30/15 18:30","3033","3028","One Way","Indego30"
"4149721","6/30/15 18:21","6/30/15 18:38","3020","3028","One Way","Walk-up"
"4149722","6/30/15 18:22","6/30/15 18:29","3047","3026","One Way","Indego30"
"4149723","6/30/15 18:22","6/30/15 18:32","3052","3023","One Way","Indego30"
"4149724","6/30/15 18:22","6/30/15 18:33","3052","3059","One Way","Indego30"
"4149725","6/30/15 18:22","6/30/15 18:39","3019","3023","One Way","Indego30"
"4149726","6/30/15 18:22","6/30/15 18:30","3021","3040","One Way","Indego30"
"4149727","6/30/15 18:22","6/30/15 18:26","3021","3023","One Way","Indego30"
"4149728","6/30/15 18:23","6/30/15 18:43","3009","3030","One Way","Indego30"
"4149729","6/30/15 18:23","6/30/15 18:40","3010","3013","One Way","Indego30"
"4149730","6/30/15 18:24","6/30/15 18:37","3034","3045","One Way","Indego30"
"4149731","6/30/15 18:25","6/30/15 18:31","3004","3045","One Way","Indego30"
"4149732","6/30/15 18:25","6/30/15 18:28","3050","3018","One Way","Indego30"
"4149733","6/30/15 18:25","6/30/15 18:34","3009","3021","One Way","Indego30"
"4149734","6/30/15 18:25","6/30/15 18:38","3023","3069","One Way","Indego30"
"4149735","6/30/15 18:25","6/30/15 18:43","3060","3041","One Way","Indego30"
"4149736","6/30/15 18:26","6/30/15 18:37","3052","3063","One Way","Indego30"
"4149737","6/30/15 18:26","6/30/15 19:00","3062","3062","Round Trip","Walk-up"
"4149738","6/30/15 18:26","6/30/15 18:45","3004","3069","One Way","Indego30"
"4149739","6/30/15 18:26","6/30/15 18:42","3022","3055","One Way","Indego30"
"4149740","6/30/15 18:27","6/30/15 18:36","3009","3023","One Way","Indego30"
"4149741","6/30/15 18:27","6/30/15 18:43","3032","3075","One Way","Indego30"
"4149742","6/30/15 18:27","6/30/15 18:38","3007","3072","One Way","Indego30"
"4149743","6/30/15 18:28","6/30/15 18:48","3061","3045","One Way","Indego30"
"4149744","6/30/15 18:28","6/30/15 18:48","3061","3045","One Way","Indego30"
"4149745","6/30/15 18:28","6/30/15 19:47","3061","3061","Round Trip","Indego30"
"4149746","6/30/15 18:29","6/30/15 18:40","3023","3074","One Way","Indego30"
"4149747","6/30/15 18:29","6/30/15 18:47","3009","3063","One Way","Indego30"
"4149748","6/30/15 18:29","6/30/15 18:40","3061","3010","One Way","Indego30"
"4149749","6/30/15 18:30","6/30/15 18:37","3018","3060","One Way","Indego30"
"4149750","6/30/15 18:31","6/30/15 18:39","3010","3025","One Way","Indego30"
"4149751","6/30/15 18:31","6/30/15 18:43","3040","3041","One Way","Indego30"
"4149752","6/30/15 18:32","6/30/15 18:50","3034","3019","One Way","Walk-up"
"4149753","6/30/15 18:32","6/30/15 19:01","3047","3023","One Way","Walk-up"
"4149754","6/30/15 18:32","6/30/15 18:40","3008","3031","One Way","Indego30"
"4149755","6/30/15 18:34","6/30/15 19:03","3022","3012","One Way","Indego30"
"4149756","6/30/15 18:34","6/30/15 19:03","3022","3012","One Way","Indego30"
"4149757","6/30/15 18:34","6/30/15 18:43","3038","3032","One Way","Indego30"
"4149758","6/30/15 18:35","6/30/15 18:51","3023","3006","One Way","Indego30"
"4149759","6/30/15 18:35","6/30/15 18:44","3028","3052","One Way","Indego30"
"4149760","6/30/15 18:35","6/30/15 18:39","3011","3009","One Way","Indego30"
"4149761","6/30/15 18:35","6/30/15 18:41","3061","3032","One Way","Indego30"
"4149762","6/30/15 18:35","6/30/15 18:55","3009","3007","One Way","Indego30"
"4149763","6/30/15 18:35","6/30/15 19:30","3057","3028","One Way","Indego30"
"4149764","6/30/15 18:36","6/30/15 18:39","3071","3009","One Way","Indego30"
"4149765","6/30/15 18:36","6/30/15 18:44","3060","3051","One Way","Indego30"
"4149766","6/30/15 18:36","6/30/15 18:46","3063","3028","One Way","Indego30"
"4149767","6/30/15 18:38","6/30/15 18:46","3069","3068","One Way","Indego30"
"4149768","6/30/15 18:38","6/30/15 18:43","3015","3007","One Way","Indego30"
"4149769","6/30/15 18:38","6/30/15 18:51","3009","3078","One Way","Indego30"
"4149770","6/30/15 18:38","6/30/15 18:48","3050","3066","One Way","Indego30"
"4149771","6/30/15 18:39","6/30/15 18:43","3010","3086","One Way","Indego30"
"4149772","6/30/15 18:39","6/30/15 18:45","3012","3061","One Way","Indego30"
"4149773","6/30/15 18:39","6/30/15 18:54","3012","3015","One Way","Indego30"
"4149774","6/30/15 18:40","6/30/15 18:54","3063","3046","One Way","Indego30"
"4149775","6/30/15 18:40","6/30/15 18:44","3063","3063","Round Trip","IndegoFlex"
"4149776","6/30/15 18:40","6/30/15 18:56","3028","3021","One Way","Indego30"
"4149777","6/30/15 18:42","6/30/15 18:53","3021","3058","One Way","Indego30"
"4149778","6/30/15 18:42","6/30/15 18:47","3027","3011","One Way","Indego30"
"4149779","6/30/15 18:43","6/30/15 18:58","3078","3056","One Way","Indego30"
"4149780","6/30/15 18:43","6/30/15 18:52","3046","3069","One Way","Indego30"
"4149781","6/30/15 18:44","6/30/15 18:54","3007","3012","One Way","Indego30"
"4149782","6/30/15 18:44","6/30/15 20:32","3018","3026","One Way","Walk-up"
"4149783","6/30/15 18:44","6/30/15 18:59","3063","3049","One Way","Indego30"
"4149784","6/30/15 18:45","6/30/15 19:17","3020","3005","One Way","Walk-up"
"4149785","6/30/15 18:45","6/30/15 18:59","3063","3049","One Way","Indego30"
"4149786","6/30/15 18:45","6/30/15 18:51","3063","3026","One Way","IndegoFlex"
"4149787","6/30/15 18:45","6/30/15 18:56","3021","3023","One Way","Indego30"
"4149788","6/30/15 18:45","6/30/15 18:52","3069","3052","One Way","Indego30"
"4149789","6/30/15 18:45","6/30/15 19:10","3036","3010","One Way","Walk-up"
"4149790","6/30/15 18:45","6/30/15 18:52","3069","3052","One Way","Indego30"
"4149791","6/30/15 18:45","6/30/15 18:49","3036","3041","One Way","IndegoFlex"
"4149792","6/30/15 18:45","6/30/15 20:31","3018","3026","One Way","Walk-up"
"4149793","6/30/15 18:47","6/30/15 18:57","3009","3062","One Way","Indego30"
"4149795","6/30/15 18:47","6/30/15 19:07","3047","3027","One Way","Indego30"
"4149797","6/30/15 18:47","6/30/15 18:52","3072","3028","One Way","Indego30"
"4149799","6/30/15 18:48","6/30/15 18:53","3068","3012","One Way","Indego30"
"4149800","6/30/15 18:48","6/30/15 19:08","3046","3055","One Way","Indego30"
"4149801","6/30/15 18:48","6/30/15 19:10","3004","3024","One Way","Indego30"
"4149802","6/30/15 18:48","6/30/15 18:52","3009","3029","One Way","Indego30"
"4149803","6/30/15 18:48","6/30/15 19:14","3031","3023","One Way","Indego30"
"4149804","6/30/15 18:48","6/30/15 19:14","3031","3023","One Way","Indego30"
"4149807","6/30/15 18:49","6/30/15 19:10","3023","3041","One Way","Indego30"
"4149810","6/30/15 18:50","6/30/15 19:03","3009","3023","One Way","IndegoFlex"
"4149811","6/30/15 18:50","6/30/15 18:56","3009","3078","One Way","Indego30"
"4149814","6/30/15 18:51","6/30/15 18:59","3050","3060","One Way","Walk-up"
"4149816","6/30/15 18:52","6/30/15 19:16","3023","3072","One Way","Indego30"
"4149817","6/30/15 18:53","6/30/15 19:01","3064","3032","One Way","Indego30"
"4149820","6/30/15 18:54","6/30/15 19:05","3022","3045","One Way","Indego30"
"4149821","6/30/15 18:54","6/30/15 19:09","3014","3063","One Way","Indego30"
"4149822","6/30/15 18:54","6/30/15 19:54","3063","3063","Round Trip","Indego30"
"4149823","6/30/15 18:54","6/30/15 19:10","3062","3024","One Way","Indego30"
"4149824","6/30/15 18:55","6/30/15 19:01","3023","3032","One Way","Indego30"
"4149825","6/30/15 18:55","6/30/15 19:02","3010","3012","One Way","Indego30"
"4149826","6/30/15 18:56","6/30/15 19:09","3045","3060","One Way","Indego30"
"4149827","6/30/15 18:56","6/30/15 19:01","3062","3032","One Way","Indego30"
"4149828","6/30/15 18:57","6/30/15 19:07","3012","3012","Round Trip","Indego30"
"4149829","6/30/15 18:58","6/30/15 19:03","3031","3056","One Way","Indego30"
"4149830","6/30/15 18:58","6/30/15 19:10","3072","3007","One Way","Indego30"
"4149831","6/30/15 18:58","6/30/15 19:11","3047","3034","One Way","Indego30"
"4149832","6/30/15 18:59","6/30/15 19:14","3023","3069","One Way","Indego30"
"4149833","6/30/15 18:59","6/30/15 19:12","3032","3028","One Way","Indego30"
"4149834","6/30/15 19:00","6/30/15 19:06","3029","3027","One Way","Indego30"
"4149835","6/30/15 19:01","6/30/15 19:10","3007","3068","One Way","Walk-up"
"4149837","6/30/15 19:01","6/30/15 19:18","3022","3045","One Way","Indego30"
"4149836","6/30/15 19:01","6/30/15 19:06","3052","3010","One Way","Indego30"
"4149838","6/30/15 19:01","6/30/15 19:20","3074","3010","One Way","Indego30"
"4149839","6/30/15 19:01","6/30/15 19:18","3039","3039","Round Trip","Indego30"
"4149840","6/30/15 19:02","6/30/15 19:04","3020","3020","Round Trip","Indego30"
"4149841","6/30/15 19:03","6/30/15 19:06","3052","3007","One Way","Indego30"
"4149842","6/30/15 19:04","6/30/15 19:21","3054","3063","One Way","Indego30"
"4149843","6/30/15 19:04","6/30/15 19:15","3007","3023","One Way","Indego30"
"4149844","6/30/15 19:05","6/30/15 19:17","3056","3018","One Way","Indego30"
"4149845","6/30/15 19:05","6/30/15 19:21","3020","3063","One Way","Indego30"
"4149846","6/30/15 19:05","6/30/15 19:12","3028","3010","One Way","Indego30"
"4149847","6/30/15 19:05","6/30/15 19:14","3045","3034","One Way","Indego30"
"4149848","6/30/15 19:05","6/30/15 19:23","3025","3054","One Way","Indego30"
"4149849","6/30/15 19:06","6/30/15 19:25","3023","3043","One Way","Indego30"
"4149850","6/30/15 19:06","6/30/15 19:52","3006","3006","Round Trip","Indego30"
"4149852","6/30/15 19:07","6/30/15 19:21","3072","3028","One Way","Indego30"
"4149853","6/30/15 19:07","6/30/15 19:16","3023","3022","One Way","Walk-up"
"4149854","6/30/15 19:08","6/30/15 19:12","3021","3004","One Way","Indego30"
"4149855","6/30/15 19:08","6/30/15 19:17","3022","3012","One Way","Indego30"
"4149856","6/30/15 19:08","6/30/15 19:50","3010","3010","Round Trip","Indego30"
"4149857","6/30/15 19:08","6/30/15 19:29","3028","3014","One Way","Indego30"
"4149858","6/30/15 19:09","6/30/15 19:17","3078","3045","One Way","Indego30"
"4149859","6/30/15 19:09","6/30/15 19:15","3054","3061","One Way","Indego30"
"4149860","6/30/15 19:09","6/30/15 19:13","3058","3075","One Way","Indego30"
"4149861","6/30/15 19:09","6/30/15 19:57","3055","3055","Round Trip","Indego30"
"4149863","6/30/15 19:09","6/30/15 19:57","3055","3055","Round Trip","Indego30"
"4149864","6/30/15 19:10","6/30/15 19:19","3036","3075","One Way","Indego30"
"4149865","6/30/15 19:10","6/30/15 19:31","3046","3057","One Way","Indego30"
"4149866","6/30/15 19:11","6/30/15 19:19","3018","3060","One Way","Indego30"
"4149867","6/30/15 19:11","6/30/15 19:19","3074","3029","One Way","Indego30"
"4149868","6/30/15 19:11","6/30/15 19:22","3010","3026","One Way","Walk-up"
"4149869","6/30/15 19:11","6/30/15 19:20","3052","3034","One Way","Indego30"
"4149870","6/30/15 19:11","6/30/15 19:23","3045","3072","One Way","Walk-up"
"4149871","6/30/15 19:11","6/30/15 19:15","3052","3010","One Way","Indego30"
"4149872","6/30/15 19:12","6/30/15 19:17","3007","3026","One Way","Indego30"
"4149873","6/30/15 19:12","6/30/15 19:21","3004","3073","One Way","Indego30"
"4149874","6/30/15 19:12","6/30/15 19:26","3068","3052","One Way","Indego30"
"4149875","6/30/15 19:12","6/30/15 19:32","3056","3045","One Way","Indego30"
"4149876","6/30/15 19:13","6/30/15 19:23","3010","3046","One Way","Indego30"
"4149877","6/30/15 19:13","6/30/15 19:26","3004","3068","One Way","Walk-up"
"4149879","6/30/15 19:14","6/30/15 19:32","3074","3068","One Way","Indego30"
"4149880","6/30/15 19:15","6/30/15 19:30","3018","3039","One Way","Indego30"
"4149881","6/30/15 19:16","6/30/15 19:26","3007","3005","One Way","Indego30"
"4149882","6/30/15 19:16","6/30/15 19:22","3023","3060","One Way","Indego30"
"4149883","6/30/15 19:17","6/30/15 19:26","3007","3005","One Way","Walk-up"
"4149884","6/30/15 19:17","6/30/15 19:25","3032","3007","One Way","Walk-up"
"4149885","6/30/15 19:17","6/30/15 19:47","3018","3017","One Way","Indego30"
"4149887","6/30/15 19:17","6/30/15 19:24","3061","3012","One Way","Indego30"
"4149888","6/30/15 19:18","6/30/15 19:41","3004","3051","One Way","Indego30"
"4149889","6/30/15 19:18","6/30/15 19:28","3039","3036","One Way","Indego30"
"4149890","6/30/15 19:19","6/30/15 19:25","3058","3058","Round Trip","Indego30"
"4149891","6/30/15 19:19","6/30/15 19:44","3028","3075","One Way","Indego30"
"4149894","6/30/15 19:21","6/30/15 19:39","3020","3046","One Way","Indego30"
"4149895","6/30/15 19:22","6/30/15 19:51","3057","3057","Round Trip","Walk-up"
"4149896","6/30/15 19:23","6/30/15 19:41","3006","3034","One Way","Indego30"
"4149897","6/30/15 19:23","6/30/15 19:52","3057","3057","Round Trip","Walk-up"
"4149898","6/30/15 19:23","6/30/15 19:35","3032","3018","One Way","Indego30"
"4149899","6/30/15 19:23","6/30/15 19:24","3004","3004","Round Trip","Indego30"
"4149900","6/30/15 19:24","6/30/15 19:33","3045","3028","One Way","Indego30"
"4149902","6/30/15 19:27","6/30/15 19:41","3061","3039","One Way","Indego30"
"4149903","6/30/15 19:27","6/30/15 19:42","3023","3072","One Way","Indego30"
"4149904","6/30/15 19:27","6/30/15 19:37","3052","3032","One Way","Indego30"
"4149905","6/30/15 19:28","6/30/15 19:37","3022","3032","One Way","Indego30"
"4149906","6/30/15 19:28","6/30/15 19:39","3037","3056","One Way","Indego30"
"4149907","6/30/15 19:30","6/30/15 19:33","3058","3040","One Way","Indego30"
"4149908","6/30/15 19:30","6/30/15 19:48","3030","3074","One Way","Indego30"
"4149909","6/30/15 19:30","6/30/15 19:47","3033","3058","One Way","Indego30"
"4149911","6/30/15 19:32","6/30/15 19:39","3059","3004","One Way","Indego30"
"4149913","6/30/15 19:33","6/30/15 19:42","3022","3027","One Way","Indego30"
"4149914","6/30/15 19:34","6/30/15 19:41","3026","3007","One Way","Walk-up"
"4149915","6/30/15 19:34","6/30/15 19:48","3046","3023","One Way","Indego30"
"4149916","6/30/15 19:36","6/30/15 20:09","3009","3010","One Way","Indego30"
"4149917","6/30/15 19:37","6/30/15 19:47","3018","3066","One Way","Indego30"
"4149918","6/30/15 19:38","6/30/15 19:48","3018","3025","One Way","Indego30"
"4149920","6/30/15 19:40","6/30/15 19:59","3061","3046","One Way","Indego30"
"4149921","6/30/15 19:40","6/30/15 19:55","3010","3047","One Way","Indego30"
"4149922","6/30/15 19:42","6/30/15 20:01","3078","3041","One Way","Indego30"
"4149923","6/30/15 19:42","6/30/15 20:42","3047","3010","One Way","Indego30"
"4149924","6/30/15 19:44","6/30/15 19:49","3056","3008","One Way","Indego30"
"4149925","6/30/15 19:44","6/30/15 19:49","3056","3008","One Way","Indego30"
"4149926","6/30/15 19:45","6/30/15 19:51","3007","3066","One Way","Indego30"
"4149927","6/30/15 19:46","6/30/15 19:50","3046","3033","One Way","Indego30"
"4149928","6/30/15 19:46","6/30/15 19:54","3010","3012","One Way","Indego30"
"4149929","6/30/15 19:46","6/30/15 19:59","3015","3036","One Way","Indego30"
"4149930","6/30/15 19:47","6/30/15 20:01","3061","3006","One Way","Indego30"
"4149932","6/30/15 19:48","6/30/15 19:56","3019","3007","One Way","Indego30"
"4149931","6/30/15 19:48","6/30/15 19:49","3062","3062","Round Trip","Indego30"
"4149933","6/30/15 19:48","6/30/15 20:00","3057","3021","One Way","Indego30"
"4149934","6/30/15 19:48","6/30/15 19:57","3062","3009","One Way","Indego30"
"4149937","6/30/15 19:50","6/30/15 20:10","3031","3056","One Way","Indego30"
"4149938","6/30/15 19:51","6/30/15 19:56","3069","3026","One Way","Walk-up"
"4149939","6/30/15 19:51","6/30/15 20:09","3022","3051","One Way","Indego30"
"4149940","6/30/15 19:52","6/30/15 19:59","3023","3038","One Way","Indego30"
"4149941","6/30/15 19:52","6/30/15 20:03","3073","3008","One Way","Indego30"
"4149942","6/30/15 19:53","6/30/15 20:03","3012","3028","One Way","Indego30"
"4149943","6/30/15 19:54","6/30/15 19:58","3006","3074","One Way","Indego30"
"4149944","6/30/15 19:54","6/30/15 20:02","3037","3058","One Way","Indego30"
"4149945","6/30/15 19:56","6/30/15 20:01","3007","3066","One Way","Indego30"
"4149947","6/30/15 20:06","6/30/15 20:09","3023","3066","One Way","Indego30"
"4149948","6/30/15 20:08","6/30/15 20:25","3046","3041","One Way","Indego30"
"4149949","6/30/15 20:12","6/30/15 20:32","3023","3058","One Way","Indego30"
"4149950","6/30/15 20:15","6/30/15 20:29","3040","3008","One Way","Walk-up"
"4149951","6/30/15 20:16","6/30/15 20:21","3012","3068","One Way","Indego30"
"4149952","6/30/15 20:16","6/30/15 20:24","3010","3032","One Way","IndegoFlex"
"4149953","6/30/15 20:17","6/30/15 20:28","3004","3068","One Way","Indego30"
"4149954","6/30/15 20:17","6/30/15 20:28","3021","3063","One Way","Indego30"
"4149955","6/30/15 20:17","6/30/15 20:34","3009","3086","One Way","Indego30"
"4149956","6/30/15 20:20","6/30/15 20:39","3022","3045","One Way","Indego30"
"4149957","6/30/15 20:24","6/30/15 20:27","3004","3004","Round Trip","Indego30"
"4149959","6/30/15 20:26","6/30/15 20:41","3028","3032","One Way","Indego30"
"4149960","6/30/15 20:27","6/30/15 20:33","3045","3023","One Way","Indego30"
"4149961","6/30/15 20:28","6/30/15 20:34","3061","3012","One Way","Indego30"
"4149962","6/30/15 20:30","6/30/15 20:42","3014","3051","One Way","Indego30"
"4149963","6/30/15 20:31","6/30/15 20:32","3037","3037","Round Trip","Indego30"
"4149964","6/30/15 20:32","6/30/15 20:37","3037","3004","One Way","Indego30"
"4149967","6/30/15 20:34","6/30/15 20:39","3010","3023","One Way","Indego30"
"4149968","6/30/15 20:34","6/30/15 21:04","3068","3068","Round Trip","Indego30"
"4149972","6/30/15 20:36","6/30/15 20:53","3023","3068","One Way","Indego30"
"4149973","6/30/15 20:36","6/30/15 20:47","3019","3014","One Way","Indego30"
"4149975","6/30/15 20:36","6/30/15 20:40","3032","3032","Round Trip","Indego30"
"4149979","6/30/15 20:38","6/30/15 20:45","3054","3023","One Way","Indego30"
"4149980","6/30/15 20:39","6/30/15 21:02","3068","3074","One Way","Indego30"
"4149981","6/30/15 20:40","6/30/15 21:50","3032","3032","Round Trip","Indego30"
"4149982","6/30/15 20:40","6/30/15 21:07","3074","3039","One Way","Indego30"
"4149983","6/30/15 20:41","6/30/15 20:55","3019","3040","One Way","Indego30"
"4149984","6/30/15 20:42","6/30/15 21:14","3006","3056","One Way","Indego30"
"4149985","6/30/15 20:43","6/30/15 21:50","3029","3022","One Way","Walk-up"
"4149986","6/30/15 20:43","6/30/15 21:02","3043","3028","One Way","Indego30"
"4149987","6/30/15 20:44","6/30/15 20:48","3023","3032","One Way","Indego30"
"4149988","6/30/15 20:47","6/30/15 20:53","3004","3018","One Way","Indego30"
"4149990","6/30/15 20:51","6/30/15 21:11","3023","3034","One Way","Indego30"
"4149991","6/30/15 20:53","6/30/15 21:01","3010","3028","One Way","Indego30"
"4149992","6/30/15 20:53","6/30/15 21:01","3018","3046","One Way","Indego30"
"4149993","6/30/15 20:55","6/30/15 21:00","3063","3010","One Way","Indego30"
"4149994","6/30/15 20:55","6/30/15 21:00","3063","3010","One Way","Indego30"
"4149995","6/30/15 20:57","6/30/15 21:03","3009","3061","One Way","Indego30"
"4149996","6/30/15 20:58","6/30/15 21:08","3019","3026","One Way","Indego30"
"4149997","6/30/15 20:59","6/30/15 21:10","3005","3023","One Way","Indego30"
"4149998","6/30/15 21:00","6/30/15 21:11","3052","3034","One Way","Walk-up"
"4149999","6/30/15 21:00","6/30/15 21:13","3060","3007","One Way","Indego30"
"4150000","6/30/15 21:02","6/30/15 21:13","3041","3073","One Way","Walk-up"
"4150001","6/30/15 21:03","6/30/15 21:26","3010","3036","One Way","Walk-up"
"4150002","6/30/15 21:03","6/30/15 21:42","3025","3025","Round Trip","Indego30"
"4150003","6/30/15 21:03","6/30/15 21:13","3041","3073","One Way","Walk-up"
"4150004","6/30/15 21:03","6/30/15 21:23","3063","3043","One Way","Walk-up"
"4150005","6/30/15 21:03","6/30/15 21:10","3026","3046","One Way","Indego30"
"4150006","6/30/15 21:04","6/30/15 21:14","3010","3032","One Way","Walk-up"
"4150007","6/30/15 21:05","6/30/15 21:28","3012","3013","One Way","Walk-up"
"4150008","6/30/15 21:05","6/30/15 21:20","3061","3071","One Way","Indego30"
"4150009","6/30/15 21:06","6/30/15 21:30","3041","3010","One Way","IndegoFlex"
"4150010","6/30/15 21:06","6/30/15 21:37","3041","3023","One Way","Walk-up"
"4150011","6/30/15 21:07","6/30/15 21:12","3007","3025","One Way","Indego30"
"4150012","6/30/15 21:08","6/30/15 21:37","3041","3023","One Way","Walk-up"
"4150013","6/30/15 21:08","6/30/15 21:29","3005","3053","One Way","IndegoFlex"
"4150014","6/30/15 21:08","6/30/15 21:16","3045","3066","One Way","Indego30"
"4150015","6/30/15 21:09","6/30/15 21:19","3009","3022","One Way","Indego30"
"4150017","6/30/15 21:09","6/30/15 21:14","3026","3007","One Way","Indego30"
"4150019","6/30/15 21:12","6/30/15 21:22","3063","3054","One Way","Indego30"
"4150020","6/30/15 21:12","6/30/15 21:19","3007","3026","One Way","Indego30"
"4150021","6/30/15 21:12","6/30/15 21:19","3007","3026","One Way","Indego30"
"4150022","6/30/15 21:13","6/30/15 21:30","3013","3012","One Way","IndegoFlex"
"4150023","6/30/15 21:13","6/30/15 21:24","3030","3046","One Way","Indego30"
"4150024","6/30/15 21:13","6/30/15 21:37","3037","3031","One Way","Indego30"
"4150025","6/30/15 21:13","6/30/15 21:15","3004","3004","Round Trip","Indego30"
"4150026","6/30/15 21:17","6/30/15 21:25","3018","3025","One Way","Indego30"
"4150027","6/30/15 21:19","6/30/15 21:35","3060","3068","One Way","Indego30"
"4150029","6/30/15 21:21","6/30/15 22:10","3023","3052","One Way","Indego30"
"4150030","6/30/15 21:21","6/30/15 22:09","3023","3052","One Way","Indego30"
"4150031","6/30/15 21:22","6/30/15 21:27","3028","3072","One Way","Indego30"
"4150032","6/30/15 21:23","6/30/15 21:33","3007","3068","One Way","Indego30"
"4150033","6/30/15 21:25","6/30/15 21:34","3007","3028","One Way","Indego30"
"4150034","6/30/15 21:25","6/30/15 21:34","3007","3028","One Way","Indego30"
"4150036","6/30/15 21:29","6/30/15 21:39","3021","3059","One Way","Indego30"
"4150037","6/30/15 21:29","6/30/15 21:36","3015","3015","Round Trip","Indego30"
"4150038","6/30/15 21:30","6/30/15 21:35","3052","3010","One Way","Indego30"
"4150039","6/30/15 21:31","6/30/15 21:35","3074","3006","One Way","Indego30"
"4150040","6/30/15 21:32","6/30/15 21:41","3040","3023","One Way","Indego30"
"4150041","6/30/15 21:36","6/30/15 21:43","3059","3054","One Way","Indego30"
"4150042","6/30/15 21:36","6/30/15 21:47","3015","3010","One Way","Indego30"
"4150043","6/30/15 21:38","6/30/15 21:56","3070","3056","One Way","Indego30"
"4150044","6/30/15 21:39","6/30/15 21:57","3063","3034","One Way","Walk-up"
"4150046","6/30/15 21:41","6/30/15 21:56","3027","3040","One Way","Indego30"
"4150047","6/30/15 21:42","6/30/15 21:53","3007","3072","One Way","Indego30"
"4150049","6/30/15 21:48","6/30/15 22:07","3010","3074","One Way","Indego30"
"4150050","6/30/15 21:52","6/30/15 22:10","3032","3074","One Way","Indego30"
"4150051","6/30/15 21:55","6/30/15 22:05","3034","3050","One Way","Indego30"
"4150052","6/30/15 21:58","6/30/15 22:00","3033","3050","One Way","Indego30"
"4150055","6/30/15 22:01","6/30/15 22:10","3020","3086","One Way","Indego30"
"4150057","6/30/15 22:01","6/30/15 22:26","3010","3041","One Way","Walk-up"
"4150058","6/30/15 22:03","6/30/15 22:22","3046","3063","One Way","Indego30"
"4150059","6/30/15 22:04","6/30/15 22:14","3060","3062","One Way","Indego30"
"4150060","6/30/15 22:06","6/30/15 22:11","3074","3029","One Way","Indego30"
"4150061","6/30/15 22:08","6/30/15 22:17","3012","3007","One Way","Indego30"
"4150062","6/30/15 22:17","6/30/15 22:23","3052","3069","One Way","Indego30"
"4150063","6/30/15 22:17","6/30/15 22:23","3052","3069","One Way","Indego30"
"4150065","6/30/15 22:24","6/30/15 22:32","3012","3034","One Way","Indego30"
"4150066","6/30/15 22:26","6/30/15 22:32","3040","3013","One Way","Indego30"
"4150067","6/30/15 22:27","6/30/15 22:33","3029","3074","One Way","Indego30"
"4150068","6/30/15 22:27","6/30/15 22:44","3005","3056","One Way","Indego30"
"4150069","6/30/15 22:29","6/30/15 22:32","3023","3066","One Way","Indego30"
"4150070","6/30/15 22:30","6/30/15 22:36","3010","3018","One Way","Indego30"
"4150071","6/30/15 22:31","6/30/15 23:01","3032","3032","Round Trip","Indego30"
"4150072","6/30/15 22:49","6/30/15 22:59","3020","3074","One Way","Indego30"
"4150073","6/30/15 22:54","6/30/15 22:59","3033","3046","One Way","Indego30"
"4150074","6/30/15 22:54","6/30/15 22:58","3025","3007","One Way","Indego30"
"4150075","6/30/15 22:54","6/30/15 23:05","3068","3012","One Way","Indego30"
"4150077","6/30/15 22:57","6/30/15 23:15","3063","3013","One Way","Indego30"
"4150078","6/30/15 23:03","6/30/15 23:11","3045","3030","One Way","Indego30"
"4150079","6/30/15 23:03","6/30/15 23:21","3062","3056","One Way","Indego30"
"4150080","6/30/15 23:06","6/30/15 23:16","3052","3023","One Way","Indego30"
"4150081","6/30/15 23:07","6/30/15 23:18","3062","3007","One Way","Indego30"
"4150082","6/30/15 23:11","6/30/15 23:17","3018","3045","One Way","Indego30"
"4150083","6/30/15 23:13","6/30/15 23:16","3028","3026","One Way","Indego30"
"4150084","6/30/15 23:14","6/30/15 23:24","3064","3045","One Way","Indego30"
"4150085","6/30/15 23:14","6/30/15 23:40","3041","3086","One Way","Indego30"
"4150087","6/30/15 23:16","6/30/15 23:27","3018","3068","One Way","Indego30"
"4150088","6/30/15 23:20","6/30/15 23:23","3030","3069","One Way","Indego30"
"4150089","6/30/15 23:22","6/30/15 23:36","3045","3013","One Way","Indego30"
"4150090","6/30/15 23:25","6/30/15 23:33","3026","3028","One Way","Indego30"
"4150097","6/30/15 23:33","6/30/15 23:49","3022","3025","One Way","Indego30"
"4150099","6/30/15 23:41","6/30/15 23:48","3023","3045","One Way","Indego30"
"4150100","6/30/15 23:48","6/30/15 23:56","3026","3045","One Way","Indego30"
"4150101","6/30/15 23:49","6/30/15 23:53","3063","3063","Round Trip","Walk-up"
"","","","","","",""